accession	protein_id	header	sequence_length	source_db	retrieved_at_utc	query
XP_082720441.1	3277845334	XP_082720441.1 angiotensin-converting enzyme 2 [Leucopleurus acutus]	509	NCBI RefSeq protein via E-utilities	2026-05-01T23:31:44.933000+00:00	ACE2[Gene Name] AND Mammalia[Organism] AND srcdb_refseq[PROP] NOT partial[Title]
XP_082573142.1	3274692625	XP_082573142.1 angiotensin-converting enzyme 2 isoform 2 [Mustela nivalis]	683	NCBI RefSeq protein via E-utilities	2026-05-01T23:31:44.933000+00:00	ACE2[Gene Name] AND Mammalia[Organism] AND srcdb_refseq[PROP] NOT partial[Title]
XP_082573141.1	3274692623	XP_082573141.1 angiotensin-converting enzyme 2 isoform 1 [Mustela nivalis]	805	NCBI RefSeq protein via E-utilities	2026-05-01T23:31:44.933000+00:00	ACE2[Gene Name] AND Mammalia[Organism] AND srcdb_refseq[PROP] NOT partial[Title]
XP_082573140.1	3274692621	XP_082573140.1 angiotensin-converting enzyme 2 isoform 1 [Mustela nivalis]	805	NCBI RefSeq protein via E-utilities	2026-05-01T23:31:44.933000+00:00	ACE2[Gene Name] AND Mammalia[Organism] AND srcdb_refseq[PROP] NOT partial[Title]
XP_082573139.1	3274692619	XP_082573139.1 angiotensin-converting enzyme 2 isoform 1 [Mustela nivalis]	805	NCBI RefSeq protein via E-utilities	2026-05-01T23:31:44.933000+00:00	ACE2[Gene Name] AND Mammalia[Organism] AND srcdb_refseq[PROP] NOT partial[Title]
XP_082465508.1	3274439867	XP_082465508.1 angiotensin-converting enzyme 2 [Mesoplodon mirus]	807	NCBI RefSeq protein via E-utilities	2026-05-01T23:31:44.933000+00:00	ACE2[Gene Name] AND Mammalia[Organism] AND srcdb_refseq[PROP] NOT partial[Title]
XP_082537252.1	3274089149	XP_082537252.1 angiotensin-converting enzyme 2 isoform 3 [Grampus griseus]	693	NCBI RefSeq protein via E-utilities	2026-05-01T23:31:44.933000+00:00	ACE2[Gene Name] AND Mammalia[Organism] AND srcdb_refseq[PROP] NOT partial[Title]
XP_082537251.1	3274089146	XP_082537251.1 angiotensin-converting enzyme 2 isoform 2 [Grampus griseus]	798	NCBI RefSeq protein via E-utilities	2026-05-01T23:31:44.933000+00:00	ACE2[Gene Name] AND Mammalia[Organism] AND srcdb_refseq[PROP] NOT partial[Title]
XP_082537250.1	3274089142	XP_082537250.1 angiotensin-converting enzyme 2 isoform 1 [Grampus griseus]	804	NCBI RefSeq protein via E-utilities	2026-05-01T23:31:44.933000+00:00	ACE2[Gene Name] AND Mammalia[Organism] AND srcdb_refseq[PROP] NOT partial[Title]
XP_082303463.1	3273343566	XP_082303463.1 LOW QUALITY PROTEIN: angiotensin-converting enzyme 2 [Balaenoptera physalus]	802	NCBI RefSeq protein via E-utilities	2026-05-01T23:31:44.933000+00:00	ACE2[Gene Name] AND Mammalia[Organism] AND srcdb_refseq[PROP] NOT partial[Title]
XP_082231860.1	3272957808	XP_082231860.1 LOW QUALITY PROTEIN: angiotensin-converting enzyme 2 [Balaenoptera borealis]	535	NCBI RefSeq protein via E-utilities	2026-05-01T23:31:44.933000+00:00	ACE2[Gene Name] AND Mammalia[Organism] AND srcdb_refseq[PROP] NOT partial[Title]
XP_036902242.1	1927019676	XP_036902242.1 angiotensin-converting enzyme 2 [Sturnira hondurensis]	804	NCBI RefSeq protein via E-utilities	2026-05-01T23:31:44.933000+00:00	ACE2[Gene Name] AND Mammalia[Organism] AND srcdb_refseq[PROP] NOT partial[Title]
XP_036902241.1	1927019674	XP_036902241.1 angiotensin-converting enzyme 2 [Sturnira hondurensis]	804	NCBI RefSeq protein via E-utilities	2026-05-01T23:31:44.933000+00:00	ACE2[Gene Name] AND Mammalia[Organism] AND srcdb_refseq[PROP] NOT partial[Title]
XP_081665257.1	3263741650	XP_081665257.1 angiotensin-converting enzyme 2 [Leptonychotes weddellii]	805	NCBI RefSeq protein via E-utilities	2026-05-01T23:31:44.933000+00:00	ACE2[Gene Name] AND Mammalia[Organism] AND srcdb_refseq[PROP] NOT partial[Title]
XP_081665255.1	3263741648	XP_081665255.1 angiotensin-converting enzyme 2 [Leptonychotes weddellii]	805	NCBI RefSeq protein via E-utilities	2026-05-01T23:31:44.933000+00:00	ACE2[Gene Name] AND Mammalia[Organism] AND srcdb_refseq[PROP] NOT partial[Title]
XP_081649767.1	3263104461	XP_081649767.1 angiotensin-converting enzyme 2 isoform X2 [Panthera onca]	737	NCBI RefSeq protein via E-utilities	2026-05-01T23:31:44.933000+00:00	ACE2[Gene Name] AND Mammalia[Organism] AND srcdb_refseq[PROP] NOT partial[Title]
XP_081649766.1	3263104459	XP_081649766.1 angiotensin-converting enzyme 2 isoform X1 [Panthera onca]	805	NCBI RefSeq protein via E-utilities	2026-05-01T23:31:44.933000+00:00	ACE2[Gene Name] AND Mammalia[Organism] AND srcdb_refseq[PROP] NOT partial[Title]
XP_081649765.1	3263104457	XP_081649765.1 angiotensin-converting enzyme 2 isoform X1 [Panthera onca]	805	NCBI RefSeq protein via E-utilities	2026-05-01T23:31:44.933000+00:00	ACE2[Gene Name] AND Mammalia[Organism] AND srcdb_refseq[PROP] NOT partial[Title]
XP_081421384.1	3254296155	XP_081421384.1 angiotensin-converting enzyme 2 isoform X6 [Giraffa tippelskirchi]	638	NCBI RefSeq protein via E-utilities	2026-05-01T23:31:44.933000+00:00	ACE2[Gene Name] AND Mammalia[Organism] AND srcdb_refseq[PROP] NOT partial[Title]
XP_081421383.1	3254296150	XP_081421383.1 angiotensin-converting enzyme 2 isoform X5 [Giraffa tippelskirchi]	693	NCBI RefSeq protein via E-utilities	2026-05-01T23:31:44.933000+00:00	ACE2[Gene Name] AND Mammalia[Organism] AND srcdb_refseq[PROP] NOT partial[Title]
XP_081421382.1	3254296148	XP_081421382.1 angiotensin-converting enzyme 2 isoform X4 [Giraffa tippelskirchi]	739	NCBI RefSeq protein via E-utilities	2026-05-01T23:31:44.933000+00:00	ACE2[Gene Name] AND Mammalia[Organism] AND srcdb_refseq[PROP] NOT partial[Title]
XP_081421381.1	3254296146	XP_081421381.1 angiotensin-converting enzyme 2 isoform X3 [Giraffa tippelskirchi]	743	NCBI RefSeq protein via E-utilities	2026-05-01T23:31:44.933000+00:00	ACE2[Gene Name] AND Mammalia[Organism] AND srcdb_refseq[PROP] NOT partial[Title]
XP_081421380.1	3254296144	XP_081421380.1 angiotensin-converting enzyme 2 isoform X2 [Giraffa tippelskirchi]	756	NCBI RefSeq protein via E-utilities	2026-05-01T23:31:44.933000+00:00	ACE2[Gene Name] AND Mammalia[Organism] AND srcdb_refseq[PROP] NOT partial[Title]
XP_081421379.1	3254296142	XP_081421379.1 angiotensin-converting enzyme 2 isoform X1 [Giraffa tippelskirchi]	804	NCBI RefSeq protein via E-utilities	2026-05-01T23:31:44.933000+00:00	ACE2[Gene Name] AND Mammalia[Organism] AND srcdb_refseq[PROP] NOT partial[Title]
XP_081133776.1	3248704423	XP_081133776.1 angiotensin-converting enzyme 2 isoform 2 [Spermophilus citellus]	706	NCBI RefSeq protein via E-utilities	2026-05-01T23:31:44.933000+00:00	ACE2[Gene Name] AND Mammalia[Organism] AND srcdb_refseq[PROP] NOT partial[Title]
XP_081133775.1	3248704421	XP_081133775.1 angiotensin-converting enzyme 2 isoform 1 [Spermophilus citellus]	817	NCBI RefSeq protein via E-utilities	2026-05-01T23:31:44.933000+00:00	ACE2[Gene Name] AND Mammalia[Organism] AND srcdb_refseq[PROP] NOT partial[Title]
XP_081078135.1	3248484516	XP_081078135.1 angiotensin-converting enzyme 2 [Mesoplodon bidens]	509	NCBI RefSeq protein via E-utilities	2026-05-01T23:31:44.933000+00:00	ACE2[Gene Name] AND Mammalia[Organism] AND srcdb_refseq[PROP] NOT partial[Title]
XP_080651792.1	3245653624	XP_080651792.1 angiotensin-converting enzyme 2 [Martes martes]	805	NCBI RefSeq protein via E-utilities	2026-05-01T23:31:44.933000+00:00	ACE2[Gene Name] AND Mammalia[Organism] AND srcdb_refseq[PROP] NOT partial[Title]
XP_080509031.1	3244851274	XP_080509031.1 angiotensin-converting enzyme 2 [Plecotus auritus]	811	NCBI RefSeq protein via E-utilities	2026-05-01T23:31:44.933000+00:00	ACE2[Gene Name] AND Mammalia[Organism] AND srcdb_refseq[PROP] NOT partial[Title]
XP_080574403.1	3244640389	XP_080574403.1 angiotensin-converting enzyme 2 isoform 2 [Muscardinus avellanarius]	694	NCBI RefSeq protein via E-utilities	2026-05-01T23:31:44.933000+00:00	ACE2[Gene Name] AND Mammalia[Organism] AND srcdb_refseq[PROP] NOT partial[Title]
XP_080574402.1	3244640387	XP_080574402.1 angiotensin-converting enzyme 2 isoform 1 [Muscardinus avellanarius]	805	NCBI RefSeq protein via E-utilities	2026-05-01T23:31:44.933000+00:00	ACE2[Gene Name] AND Mammalia[Organism] AND srcdb_refseq[PROP] NOT partial[Title]
XP_079584085.1	3190371859	XP_079584085.1 angiotensin-converting enzyme 2 [Hyperoodon ampullatus]	565	NCBI RefSeq protein via E-utilities	2026-05-01T23:31:44.933000+00:00	ACE2[Gene Name] AND Mammalia[Organism] AND srcdb_refseq[PROP] NOT partial[Title]
XP_079621363.1	3190190632	XP_079621363.1 angiotensin-converting enzyme 2 [Cnephaeus nilssonii]	811	NCBI RefSeq protein via E-utilities	2026-05-01T23:31:44.933000+00:00	ACE2[Gene Name] AND Mammalia[Organism] AND srcdb_refseq[PROP] NOT partial[Title]
XP_078979271.1	3187068689	XP_078979271.1 angiotensin-converting enzyme 2 isoform 1 [Sciurus vulgaris]	805	NCBI RefSeq protein via E-utilities	2026-05-01T23:31:44.933000+00:00	ACE2[Gene Name] AND Mammalia[Organism] AND srcdb_refseq[PROP] NOT partial[Title]
XP_078979270.1	3187068687	XP_078979270.1 angiotensin-converting enzyme 2 isoform 1 [Sciurus vulgaris]	805	NCBI RefSeq protein via E-utilities	2026-05-01T23:31:44.933000+00:00	ACE2[Gene Name] AND Mammalia[Organism] AND srcdb_refseq[PROP] NOT partial[Title]
XP_078979269.1	3187068685	XP_078979269.1 angiotensin-converting enzyme 2 isoform 1 [Sciurus vulgaris]	805	NCBI RefSeq protein via E-utilities	2026-05-01T23:31:44.933000+00:00	ACE2[Gene Name] AND Mammalia[Organism] AND srcdb_refseq[PROP] NOT partial[Title]
NP_001129168.1	208973222	NP_001129168.1 angiotensin-converting enzyme 2 precursor [Macaca mulatta]	805	NCBI RefSeq protein via E-utilities	2026-05-01T23:31:44.933000+00:00	ACE2[Gene Name] AND Mammalia[Organism] AND srcdb_refseq[PROP] NOT partial[Title]
XP_078219696.1	3137506899	XP_078219696.1 angiotensin-converting enzyme 2 [Callithrix jacchus]	805	NCBI RefSeq protein via E-utilities	2026-05-01T23:31:44.933000+00:00	ACE2[Gene Name] AND Mammalia[Organism] AND srcdb_refseq[PROP] NOT partial[Title]
XP_008987241.1	675765555	XP_008987241.1 angiotensin-converting enzyme 2 [Callithrix jacchus]	805	NCBI RefSeq protein via E-utilities	2026-05-01T23:31:44.933000+00:00	ACE2[Gene Name] AND Mammalia[Organism] AND srcdb_refseq[PROP] NOT partial[Title]
NP_001123985.1	194473667	NP_001123985.1 angiotensin-converting enzyme 2 precursor [Mus musculus]	805	NCBI RefSeq protein via E-utilities	2026-05-01T23:31:44.933000+00:00	ACE2[Gene Name] AND Mammalia[Organism] AND srcdb_refseq[PROP] NOT partial[Title]
NP_081562.2	83582782	NP_081562.2 angiotensin-converting enzyme 2 precursor [Mus musculus]	805	NCBI RefSeq protein via E-utilities	2026-05-01T23:31:44.933000+00:00	ACE2[Gene Name] AND Mammalia[Organism] AND srcdb_refseq[PROP] NOT partial[Title]
XP_011361275.1	759128162	XP_011361275.1 angiotensin-converting enzyme 2 [Pteropus vampyrus]	804	NCBI RefSeq protein via E-utilities	2026-05-01T23:31:44.933000+00:00	ACE2[Gene Name] AND Mammalia[Organism] AND srcdb_refseq[PROP] NOT partial[Title]
XP_078002220.1	3131076712	XP_078002220.1 LOW QUALITY PROTEIN: angiotensin-converting enzyme 2 [Phascolarctos cinereus]	807	NCBI RefSeq protein via E-utilities	2026-05-01T23:31:44.933000+00:00	ACE2[Gene Name] AND Mammalia[Organism] AND srcdb_refseq[PROP] NOT partial[Title]
XP_039729365.1	1995963264	XP_039729365.1 angiotensin-converting enzyme 2 [Pteropus medius]	805	NCBI RefSeq protein via E-utilities	2026-05-01T23:31:44.933000+00:00	ACE2[Gene Name] AND Mammalia[Organism] AND srcdb_refseq[PROP] NOT partial[Title]
XP_077921092.1	3130596905	XP_077921092.1 angiotensin-converting enzyme 2 isoform X5 [Halichoerus grypus]	640	NCBI RefSeq protein via E-utilities	2026-05-01T23:31:44.933000+00:00	ACE2[Gene Name] AND Mammalia[Organism] AND srcdb_refseq[PROP] NOT partial[Title]
XP_077921091.1	3130596901	XP_077921091.1 angiotensin-converting enzyme 2 isoform X4 [Halichoerus grypus]	661	NCBI RefSeq protein via E-utilities	2026-05-01T23:31:44.933000+00:00	ACE2[Gene Name] AND Mammalia[Organism] AND srcdb_refseq[PROP] NOT partial[Title]
XP_077921090.1	3130596897	XP_077921090.1 angiotensin-converting enzyme 2 isoform X3 [Halichoerus grypus]	683	NCBI RefSeq protein via E-utilities	2026-05-01T23:31:44.933000+00:00	ACE2[Gene Name] AND Mammalia[Organism] AND srcdb_refseq[PROP] NOT partial[Title]
XP_077921089.1	3130596893	XP_077921089.1 angiotensin-converting enzyme 2 isoform X2 [Halichoerus grypus]	798	NCBI RefSeq protein via E-utilities	2026-05-01T23:31:44.933000+00:00	ACE2[Gene Name] AND Mammalia[Organism] AND srcdb_refseq[PROP] NOT partial[Title]
XP_077921088.1	3130596889	XP_077921088.1 angiotensin-converting enzyme 2 isoform X1 [Halichoerus grypus]	805	NCBI RefSeq protein via E-utilities	2026-05-01T23:31:44.933000+00:00	ACE2[Gene Name] AND Mammalia[Organism] AND srcdb_refseq[PROP] NOT partial[Title]
XP_040146332.2	3130284850	XP_040146332.2 angiotensin-converting enzyme 2 isoform X2 [Ictidomys tridecemlineatus]	783	NCBI RefSeq protein via E-utilities	2026-05-01T23:31:44.933000+00:00	ACE2[Gene Name] AND Mammalia[Organism] AND srcdb_refseq[PROP] NOT partial[Title]
XP_005316051.4	3130284848	XP_005316051.4 angiotensin-converting enzyme 2 isoform X1 [Ictidomys tridecemlineatus]	817	NCBI RefSeq protein via E-utilities	2026-05-01T23:31:44.933000+00:00	ACE2[Gene Name] AND Mammalia[Organism] AND srcdb_refseq[PROP] NOT partial[Title]
XP_077844089.1	3129570307	XP_077844089.1 angiotensin-converting enzyme 2 isoform X1 [Macaca mulatta]	805	NCBI RefSeq protein via E-utilities	2026-05-01T23:31:44.933000+00:00	ACE2[Gene Name] AND Mammalia[Organism] AND srcdb_refseq[PROP] NOT partial[Title]
XP_014982444.3	3129570305	XP_014982444.3 angiotensin-converting enzyme 2 isoform X1 [Macaca mulatta]	805	NCBI RefSeq protein via E-utilities	2026-05-01T23:31:44.933000+00:00	ACE2[Gene Name] AND Mammalia[Organism] AND srcdb_refseq[PROP] NOT partial[Title]
XP_077743714.1	3127712338	XP_077743714.1 angiotensin-converting enzyme 2 [Canis aureus]	804	NCBI RefSeq protein via E-utilities	2026-05-01T23:31:44.933000+00:00	ACE2[Gene Name] AND Mammalia[Organism] AND srcdb_refseq[PROP] NOT partial[Title]
XP_077743713.1	3127712336	XP_077743713.1 angiotensin-converting enzyme 2 [Canis aureus]	804	NCBI RefSeq protein via E-utilities	2026-05-01T23:31:44.933000+00:00	ACE2[Gene Name] AND Mammalia[Organism] AND srcdb_refseq[PROP] NOT partial[Title]
XP_077650019.1	3120548076	XP_077650019.1 angiotensin-converting enzyme 2 isoform X2 [Urocitellus parryii]	696	NCBI RefSeq protein via E-utilities	2026-05-01T23:31:44.933000+00:00	ACE2[Gene Name] AND Mammalia[Organism] AND srcdb_refseq[PROP] NOT partial[Title]
XP_026252505.2	3120548072	XP_026252505.2 angiotensin-converting enzyme 2 isoform X1 [Urocitellus parryii]	807	NCBI RefSeq protein via E-utilities	2026-05-01T23:31:44.933000+00:00	ACE2[Gene Name] AND Mammalia[Organism] AND srcdb_refseq[PROP] NOT partial[Title]
XP_077625771.1	3117518157	XP_077625771.1 angiotensin-converting enzyme 2 isoform X2 [Crocuta crocuta]	791	NCBI RefSeq protein via E-utilities	2026-05-01T23:31:44.933000+00:00	ACE2[Gene Name] AND Mammalia[Organism] AND srcdb_refseq[PROP] NOT partial[Title]
XP_077625770.1	3117518155	XP_077625770.1 angiotensin-converting enzyme 2 isoform X1 [Crocuta crocuta]	805	NCBI RefSeq protein via E-utilities	2026-05-01T23:31:44.933000+00:00	ACE2[Gene Name] AND Mammalia[Organism] AND srcdb_refseq[PROP] NOT partial[Title]
XP_077625769.1	3117518153	XP_077625769.1 angiotensin-converting enzyme 2 isoform X1 [Crocuta crocuta]	805	NCBI RefSeq protein via E-utilities	2026-05-01T23:31:44.933000+00:00	ACE2[Gene Name] AND Mammalia[Organism] AND srcdb_refseq[PROP] NOT partial[Title]
XP_077002464.1	3064430897	XP_077002464.1 angiotensin-converting enzyme 2 isoform X2 [Tamandua tetradactyla]	683	NCBI RefSeq protein via E-utilities	2026-05-01T23:31:44.933000+00:00	ACE2[Gene Name] AND Mammalia[Organism] AND srcdb_refseq[PROP] NOT partial[Title]
XP_077002463.1	3064430895	XP_077002463.1 angiotensin-converting enzyme 2 isoform X1 [Tamandua tetradactyla]	804	NCBI RefSeq protein via E-utilities	2026-05-01T23:31:44.933000+00:00	ACE2[Gene Name] AND Mammalia[Organism] AND srcdb_refseq[PROP] NOT partial[Title]
XP_076962748.1	3064212221	XP_076962748.1 angiotensin-converting enzyme 2 isoform X2 [Callospermophilus lateralis]	786	NCBI RefSeq protein via E-utilities	2026-05-01T23:31:44.933000+00:00	ACE2[Gene Name] AND Mammalia[Organism] AND srcdb_refseq[PROP] NOT partial[Title]
XP_076962747.1	3064212219	XP_076962747.1 angiotensin-converting enzyme 2 isoform X1 [Callospermophilus lateralis]	817	NCBI RefSeq protein via E-utilities	2026-05-01T23:31:44.933000+00:00	ACE2[Gene Name] AND Mammalia[Organism] AND srcdb_refseq[PROP] NOT partial[Title]
XP_034341939.1	1842217276	XP_034341939.1 angiotensin-converting enzyme 2 [Arvicanthis niloticus]	805	NCBI RefSeq protein via E-utilities	2026-05-01T23:31:44.933000+00:00	ACE2[Gene Name] AND Mammalia[Organism] AND srcdb_refseq[PROP] NOT partial[Title]
XP_076418942.1	3053604878	XP_076418942.1 angiotensin-converting enzyme 2 [Peromyscus maniculatus bairdii]	805	NCBI RefSeq protein via E-utilities	2026-05-01T23:31:44.933000+00:00	ACE2[Gene Name] AND Mammalia[Organism] AND srcdb_refseq[PROP] NOT partial[Title]
XP_006973269.1	589920411	XP_006973269.1 angiotensin-converting enzyme 2 [Peromyscus maniculatus bairdii]	805	NCBI RefSeq protein via E-utilities	2026-05-01T23:31:44.933000+00:00	ACE2[Gene Name] AND Mammalia[Organism] AND srcdb_refseq[PROP] NOT partial[Title]
XP_075855690.1	3037593423	XP_075855690.1 angiotensin-converting enzyme 2 [Microcebus murinus]	826	NCBI RefSeq protein via E-utilities	2026-05-01T23:31:44.933000+00:00	ACE2[Gene Name] AND Mammalia[Organism] AND srcdb_refseq[PROP] NOT partial[Title]
XP_075812906.1	3037442974	XP_075812906.1 angiotensin-converting enzyme 2 [Microtus pennsylvanicus]	804	NCBI RefSeq protein via E-utilities	2026-05-01T23:31:44.933000+00:00	ACE2[Gene Name] AND Mammalia[Organism] AND srcdb_refseq[PROP] NOT partial[Title]
XP_040324142.1	2020858733	XP_040324142.1 angiotensin-converting enzyme 2 isoform X3 [Herpailurus yagouaroundi]	683	NCBI RefSeq protein via E-utilities	2026-05-01T23:31:44.933000+00:00	ACE2[Gene Name] AND Mammalia[Organism] AND srcdb_refseq[PROP] NOT partial[Title]
XP_040324141.1	2020858731	XP_040324141.1 angiotensin-converting enzyme 2 isoform X3 [Herpailurus yagouaroundi]	683	NCBI RefSeq protein via E-utilities	2026-05-01T23:31:44.933000+00:00	ACE2[Gene Name] AND Mammalia[Organism] AND srcdb_refseq[PROP] NOT partial[Title]
XP_040324140.1	2020858729	XP_040324140.1 angiotensin-converting enzyme 2 isoform X2 [Herpailurus yagouaroundi]	744	NCBI RefSeq protein via E-utilities	2026-05-01T23:31:44.933000+00:00	ACE2[Gene Name] AND Mammalia[Organism] AND srcdb_refseq[PROP] NOT partial[Title]
XP_040324139.1	2020858727	XP_040324139.1 angiotensin-converting enzyme 2 isoform X1 [Herpailurus yagouaroundi]	805	NCBI RefSeq protein via E-utilities	2026-05-01T23:31:44.933000+00:00	ACE2[Gene Name] AND Mammalia[Organism] AND srcdb_refseq[PROP] NOT partial[Title]
XP_040324138.1	2020858725	XP_040324138.1 angiotensin-converting enzyme 2 isoform X1 [Herpailurus yagouaroundi]	805	NCBI RefSeq protein via E-utilities	2026-05-01T23:31:44.933000+00:00	ACE2[Gene Name] AND Mammalia[Organism] AND srcdb_refseq[PROP] NOT partial[Title]
XP_075394682.1	3027903338	XP_075394682.1 angiotensin-converting enzyme 2 [Tenrec ecaudatus]	825	NCBI RefSeq protein via E-utilities	2026-05-01T23:31:44.933000+00:00	ACE2[Gene Name] AND Mammalia[Organism] AND srcdb_refseq[PROP] NOT partial[Title]
XP_074179505.1	2994254472	XP_074179505.1 angiotensin-converting enzyme 2 [Rhinolophus sinicus]	805	NCBI RefSeq protein via E-utilities	2026-05-01T23:31:44.933000+00:00	ACE2[Gene Name] AND Mammalia[Organism] AND srcdb_refseq[PROP] NOT partial[Title]
XP_019601896.2	2994254470	XP_019601896.2 angiotensin-converting enzyme 2 [Rhinolophus sinicus]	805	NCBI RefSeq protein via E-utilities	2026-05-01T23:31:44.933000+00:00	ACE2[Gene Name] AND Mammalia[Organism] AND srcdb_refseq[PROP] NOT partial[Title]
XP_074247473.1	2993511306	XP_074247473.1 angiotensin-converting enzyme 2 isoform X2 [Saimiri boliviensis]	446	NCBI RefSeq protein via E-utilities	2026-05-01T23:31:44.933000+00:00	ACE2[Gene Name] AND Mammalia[Organism] AND srcdb_refseq[PROP] NOT partial[Title]
XP_010334925.2	1984069663	XP_010334925.2 angiotensin-converting enzyme 2 isoform X1 [Saimiri boliviensis]	805	NCBI RefSeq protein via E-utilities	2026-05-01T23:31:44.933000+00:00	ACE2[Gene Name] AND Mammalia[Organism] AND srcdb_refseq[PROP] NOT partial[Title]
XP_074215638.1	2992121175	XP_074215638.1 angiotensin-converting enzyme 2 [Camelus bactrianus]	805	NCBI RefSeq protein via E-utilities	2026-05-01T23:31:44.933000+00:00	ACE2[Gene Name] AND Mammalia[Organism] AND srcdb_refseq[PROP] NOT partial[Title]
XP_010966303.1	743743461	XP_010966303.1 angiotensin-converting enzyme 2 [Camelus bactrianus]	805	NCBI RefSeq protein via E-utilities	2026-05-01T23:31:44.933000+00:00	ACE2[Gene Name] AND Mammalia[Organism] AND srcdb_refseq[PROP] NOT partial[Title]
XP_074156032.1	2990562740	XP_074156032.1 angiotensin-converting enzyme 2 [Sminthopsis crassicaudata]	806	NCBI RefSeq protein via E-utilities	2026-05-01T23:31:44.933000+00:00	ACE2[Gene Name] AND Mammalia[Organism] AND srcdb_refseq[PROP] NOT partial[Title]
XP_074156031.1	2990562738	XP_074156031.1 angiotensin-converting enzyme 2 [Sminthopsis crassicaudata]	806	NCBI RefSeq protein via E-utilities	2026-05-01T23:31:44.933000+00:00	ACE2[Gene Name] AND Mammalia[Organism] AND srcdb_refseq[PROP] NOT partial[Title]
XP_074156030.1	2990562736	XP_074156030.1 angiotensin-converting enzyme 2 [Sminthopsis crassicaudata]	806	NCBI RefSeq protein via E-utilities	2026-05-01T23:31:44.933000+00:00	ACE2[Gene Name] AND Mammalia[Organism] AND srcdb_refseq[PROP] NOT partial[Title]
XP_074156029.1	2990562734	XP_074156029.1 angiotensin-converting enzyme 2 [Sminthopsis crassicaudata]	806	NCBI RefSeq protein via E-utilities	2026-05-01T23:31:44.933000+00:00	ACE2[Gene Name] AND Mammalia[Organism] AND srcdb_refseq[PROP] NOT partial[Title]
XP_074048496.1	2990475324	XP_074048496.1 angiotensin-converting enzyme 2 isoform X2 [Macrotis lagotis]	805	NCBI RefSeq protein via E-utilities	2026-05-01T23:31:44.933000+00:00	ACE2[Gene Name] AND Mammalia[Organism] AND srcdb_refseq[PROP] NOT partial[Title]
XP_074048495.1	2990475322	XP_074048495.1 angiotensin-converting enzyme 2 isoform X1 [Macrotis lagotis]	822	NCBI RefSeq protein via E-utilities	2026-05-01T23:31:44.933000+00:00	ACE2[Gene Name] AND Mammalia[Organism] AND srcdb_refseq[PROP] NOT partial[Title]
XP_074048494.1	2990475320	XP_074048494.1 angiotensin-converting enzyme 2 isoform X1 [Macrotis lagotis]	822	NCBI RefSeq protein via E-utilities	2026-05-01T23:31:44.933000+00:00	ACE2[Gene Name] AND Mammalia[Organism] AND srcdb_refseq[PROP] NOT partial[Title]
XP_074048493.1	2990475318	XP_074048493.1 angiotensin-converting enzyme 2 isoform X1 [Macrotis lagotis]	822	NCBI RefSeq protein via E-utilities	2026-05-01T23:31:44.933000+00:00	ACE2[Gene Name] AND Mammalia[Organism] AND srcdb_refseq[PROP] NOT partial[Title]
XP_074048492.1	2990475316	XP_074048492.1 angiotensin-converting enzyme 2 isoform X1 [Macrotis lagotis]	822	NCBI RefSeq protein via E-utilities	2026-05-01T23:31:44.933000+00:00	ACE2[Gene Name] AND Mammalia[Organism] AND srcdb_refseq[PROP] NOT partial[Title]
XP_074048491.1	2990475314	XP_074048491.1 angiotensin-converting enzyme 2 isoform X1 [Macrotis lagotis]	822	NCBI RefSeq protein via E-utilities	2026-05-01T23:31:44.933000+00:00	ACE2[Gene Name] AND Mammalia[Organism] AND srcdb_refseq[PROP] NOT partial[Title]
XP_074048490.1	2990475312	XP_074048490.1 angiotensin-converting enzyme 2 isoform X1 [Macrotis lagotis]	822	NCBI RefSeq protein via E-utilities	2026-05-01T23:31:44.933000+00:00	ACE2[Gene Name] AND Mammalia[Organism] AND srcdb_refseq[PROP] NOT partial[Title]
XP_074048489.1	2990475310	XP_074048489.1 angiotensin-converting enzyme 2 isoform X1 [Macrotis lagotis]	822	NCBI RefSeq protein via E-utilities	2026-05-01T23:31:44.933000+00:00	ACE2[Gene Name] AND Mammalia[Organism] AND srcdb_refseq[PROP] NOT partial[Title]
XP_074048488.1	2990475308	XP_074048488.1 angiotensin-converting enzyme 2 isoform X1 [Macrotis lagotis]	822	NCBI RefSeq protein via E-utilities	2026-05-01T23:31:44.933000+00:00	ACE2[Gene Name] AND Mammalia[Organism] AND srcdb_refseq[PROP] NOT partial[Title]
XP_074048487.1	2990475306	XP_074048487.1 angiotensin-converting enzyme 2 isoform X1 [Macrotis lagotis]	822	NCBI RefSeq protein via E-utilities	2026-05-01T23:31:44.933000+00:00	ACE2[Gene Name] AND Mammalia[Organism] AND srcdb_refseq[PROP] NOT partial[Title]
XP_074048486.1	2990475304	XP_074048486.1 angiotensin-converting enzyme 2 isoform X1 [Macrotis lagotis]	822	NCBI RefSeq protein via E-utilities	2026-05-01T23:31:44.933000+00:00	ACE2[Gene Name] AND Mammalia[Organism] AND srcdb_refseq[PROP] NOT partial[Title]
XP_074048485.1	2990475302	XP_074048485.1 angiotensin-converting enzyme 2 isoform X1 [Macrotis lagotis]	822	NCBI RefSeq protein via E-utilities	2026-05-01T23:31:44.933000+00:00	ACE2[Gene Name] AND Mammalia[Organism] AND srcdb_refseq[PROP] NOT partial[Title]
XP_074048484.1	2990475300	XP_074048484.1 angiotensin-converting enzyme 2 isoform X1 [Macrotis lagotis]	822	NCBI RefSeq protein via E-utilities	2026-05-01T23:31:44.933000+00:00	ACE2[Gene Name] AND Mammalia[Organism] AND srcdb_refseq[PROP] NOT partial[Title]
XP_074048482.1	2990475298	XP_074048482.1 angiotensin-converting enzyme 2 isoform X1 [Macrotis lagotis]	822	NCBI RefSeq protein via E-utilities	2026-05-01T23:31:44.933000+00:00	ACE2[Gene Name] AND Mammalia[Organism] AND srcdb_refseq[PROP] NOT partial[Title]
XP_074048481.1	2990475296	XP_074048481.1 angiotensin-converting enzyme 2 isoform X1 [Macrotis lagotis]	822	NCBI RefSeq protein via E-utilities	2026-05-01T23:31:44.933000+00:00	ACE2[Gene Name] AND Mammalia[Organism] AND srcdb_refseq[PROP] NOT partial[Title]
XP_073920481.1	2979470343	XP_073920481.1 angiotensin-converting enzyme 2 [Castor canadensis]	805	NCBI RefSeq protein via E-utilities	2026-05-01T23:31:44.933000+00:00	ACE2[Gene Name] AND Mammalia[Organism] AND srcdb_refseq[PROP] NOT partial[Title]
XP_005593094.3	2739348941	XP_005593094.3 angiotensin-converting enzyme 2 [Macaca fascicularis]	805	NCBI RefSeq protein via E-utilities	2026-05-01T23:31:44.933000+00:00	ACE2[Gene Name] AND Mammalia[Organism] AND srcdb_refseq[PROP] NOT partial[Title]
XP_025713397.2	2972798974	XP_025713397.2 angiotensin-converting enzyme 2 [Callorhinus ursinus]	806	NCBI RefSeq protein via E-utilities	2026-05-01T23:31:44.933000+00:00	ACE2[Gene Name] AND Mammalia[Organism] AND srcdb_refseq[PROP] NOT partial[Title]
XP_073654949.1	2971813025	XP_073654949.1 angiotensin-converting enzyme 2 isoform X3 [Tursiops truncatus]	457	NCBI RefSeq protein via E-utilities	2026-05-01T23:31:44.933000+00:00	ACE2[Gene Name] AND Mammalia[Organism] AND srcdb_refseq[PROP] NOT partial[Title]
XP_073654948.1	2971813023	XP_073654948.1 angiotensin-converting enzyme 2 isoform X2 [Tursiops truncatus]	557	NCBI RefSeq protein via E-utilities	2026-05-01T23:31:44.933000+00:00	ACE2[Gene Name] AND Mammalia[Organism] AND srcdb_refseq[PROP] NOT partial[Title]
XP_019781177.2	1835256709	XP_019781177.2 angiotensin-converting enzyme 2 isoform X1 [Tursiops truncatus]	804	NCBI RefSeq protein via E-utilities	2026-05-01T23:31:44.933000+00:00	ACE2[Gene Name] AND Mammalia[Organism] AND srcdb_refseq[PROP] NOT partial[Title]
NP_001012006.1	58865588	NP_001012006.1 angiotensin-converting enzyme 2 precursor [Rattus norvegicus]	805	NCBI RefSeq protein via E-utilities	2026-05-01T23:31:44.933000+00:00	ACE2[Gene Name] AND Mammalia[Organism] AND srcdb_refseq[PROP] NOT partial[Title]
NP_001019673.2	89191841	NP_001019673.2 angiotensin-converting enzyme 2 precursor [Bos taurus]	804	NCBI RefSeq protein via E-utilities	2026-05-01T23:31:44.933000+00:00	ACE2[Gene Name] AND Mammalia[Organism] AND srcdb_refseq[PROP] NOT partial[Title]
NP_001034545.1	86604717	NP_001034545.1 angiotensin-converting enzyme 2 precursor [Felis catus]	805	NCBI RefSeq protein via E-utilities	2026-05-01T23:31:44.933000+00:00	ACE2[Gene Name] AND Mammalia[Organism] AND srcdb_refseq[PROP] NOT partial[Title]
XP_073083423.1	2957842766	XP_073083423.1 angiotensin-converting enzyme 2 [Manis javanica]	805	NCBI RefSeq protein via E-utilities	2026-05-01T23:31:44.933000+00:00	ACE2[Gene Name] AND Mammalia[Organism] AND srcdb_refseq[PROP] NOT partial[Title]
XP_073083422.1	2957842763	XP_073083422.1 angiotensin-converting enzyme 2 [Manis javanica]	805	NCBI RefSeq protein via E-utilities	2026-05-01T23:31:44.933000+00:00	ACE2[Gene Name] AND Mammalia[Organism] AND srcdb_refseq[PROP] NOT partial[Title]
XP_017505752.1	1048398695	XP_017505752.1 angiotensin-converting enzyme 2 [Manis javanica]	805	NCBI RefSeq protein via E-utilities	2026-05-01T23:31:44.933000+00:00	ACE2[Gene Name] AND Mammalia[Organism] AND srcdb_refseq[PROP] NOT partial[Title]
XP_037842285.1	1938902030	XP_037842285.1 angiotensin-converting enzyme 2 [Chlorocebus sabaeus]	805	NCBI RefSeq protein via E-utilities	2026-05-01T23:31:44.933000+00:00	ACE2[Gene Name] AND Mammalia[Organism] AND srcdb_refseq[PROP] NOT partial[Title]
XP_006212709.2	2953145379	XP_006212709.2 angiotensin-converting enzyme 2 [Vicugna pacos]	805	NCBI RefSeq protein via E-utilities	2026-05-01T23:31:44.933000+00:00	ACE2[Gene Name] AND Mammalia[Organism] AND srcdb_refseq[PROP] NOT partial[Title]
XP_063559059.1	2695108863	XP_063559059.1 angiotensin-converting enzyme 2 [Gorilla gorilla gorilla]	805	NCBI RefSeq protein via E-utilities	2026-05-01T23:31:44.933000+00:00	ACE2[Gene Name] AND Mammalia[Organism] AND srcdb_refseq[PROP] NOT partial[Title]
XP_055232617.1	2493543527	XP_055232617.1 angiotensin-converting enzyme 2 [Gorilla gorilla gorilla]	805	NCBI RefSeq protein via E-utilities	2026-05-01T23:31:44.933000+00:00	ACE2[Gene Name] AND Mammalia[Organism] AND srcdb_refseq[PROP] NOT partial[Title]
XP_055232616.1	2493543522	XP_055232616.1 angiotensin-converting enzyme 2 [Gorilla gorilla gorilla]	805	NCBI RefSeq protein via E-utilities	2026-05-01T23:31:44.933000+00:00	ACE2[Gene Name] AND Mammalia[Organism] AND srcdb_refseq[PROP] NOT partial[Title]
XP_018874749.1	1099314176	XP_018874749.1 angiotensin-converting enzyme 2 [Gorilla gorilla gorilla]	805	NCBI RefSeq protein via E-utilities	2026-05-01T23:31:44.933000+00:00	ACE2[Gene Name] AND Mammalia[Organism] AND srcdb_refseq[PROP] NOT partial[Title]
NP_001297119.1	864508487	NP_001297119.1 angiotensin-converting enzyme 2 precursor [Mustela putorius furo]	805	NCBI RefSeq protein via E-utilities	2026-05-01T23:31:44.933000+00:00	ACE2[Gene Name] AND Mammalia[Organism] AND srcdb_refseq[PROP] NOT partial[Title]
NP_001277036.1	587651911	NP_001277036.1 angiotensin-converting enzyme 2 precursor [Capra hircus]	804	NCBI RefSeq protein via E-utilities	2026-05-01T23:31:44.933000+00:00	ACE2[Gene Name] AND Mammalia[Organism] AND srcdb_refseq[PROP] NOT partial[Title]
NP_001269290.1	537544589	NP_001269290.1 angiotensin-converting enzyme 2 precursor [Chinchilla lanigera]	804	NCBI RefSeq protein via E-utilities	2026-05-01T23:31:44.933000+00:00	ACE2[Gene Name] AND Mammalia[Organism] AND srcdb_refseq[PROP] NOT partial[Title]
NP_001158732.1	259089442	NP_001158732.1 angiotensin-converting enzyme 2 precursor [Canis lupus familiaris]	804	NCBI RefSeq protein via E-utilities	2026-05-01T23:31:44.933000+00:00	ACE2[Gene Name] AND Mammalia[Organism] AND srcdb_refseq[PROP] NOT partial[Title]
NP_001116542.1	178056703	NP_001116542.1 angiotensin-converting enzyme 2 precursor [Sus scrofa]	805	NCBI RefSeq protein via E-utilities	2026-05-01T23:31:44.933000+00:00	ACE2[Gene Name] AND Mammalia[Organism] AND srcdb_refseq[PROP] NOT partial[Title]
XP_072671637.1	2947585182	XP_072671637.1 angiotensin-converting enzyme 2 [Canis lupus baileyi]	804	NCBI RefSeq protein via E-utilities	2026-05-01T23:31:44.933000+00:00	ACE2[Gene Name] AND Mammalia[Organism] AND srcdb_refseq[PROP] NOT partial[Title]
XP_072671636.1	2947585180	XP_072671636.1 angiotensin-converting enzyme 2 [Canis lupus baileyi]	804	NCBI RefSeq protein via E-utilities	2026-05-01T23:31:44.933000+00:00	ACE2[Gene Name] AND Mammalia[Organism] AND srcdb_refseq[PROP] NOT partial[Title]
XP_025842513.2	2947379272	XP_025842513.2 angiotensin-converting enzyme 2 [Vulpes vulpes]	804	NCBI RefSeq protein via E-utilities	2026-05-01T23:31:44.933000+00:00	ACE2[Gene Name] AND Mammalia[Organism] AND srcdb_refseq[PROP] NOT partial[Title]
XP_072599822.1	2947379268	XP_072599822.1 angiotensin-converting enzyme 2 [Vulpes vulpes]	804	NCBI RefSeq protein via E-utilities	2026-05-01T23:31:44.933000+00:00	ACE2[Gene Name] AND Mammalia[Organism] AND srcdb_refseq[PROP] NOT partial[Title]
NP_001376331.1	1947007835	NP_001376331.1 angiotensin-converting enzyme 2 isoform 3 precursor [Homo sapiens]	694	NCBI RefSeq protein via E-utilities	2026-05-01T23:31:44.933000+00:00	ACE2[Gene Name] AND Mammalia[Organism] AND srcdb_refseq[PROP] NOT partial[Title]
NP_001375381.1	1928115394	NP_001375381.1 angiotensin-converting enzyme 2 isoform 4 [Homo sapiens]	459	NCBI RefSeq protein via E-utilities	2026-05-01T23:31:44.933000+00:00	ACE2[Gene Name] AND Mammalia[Organism] AND srcdb_refseq[PROP] NOT partial[Title]
NP_001373189.1	1890603672	NP_001373189.1 angiotensin-converting enzyme 2 isoform 3 precursor [Homo sapiens]	694	NCBI RefSeq protein via E-utilities	2026-05-01T23:31:44.933000+00:00	ACE2[Gene Name] AND Mammalia[Organism] AND srcdb_refseq[PROP] NOT partial[Title]
NP_001373188.1	1890603670	NP_001373188.1 angiotensin-converting enzyme 2 isoform 2 precursor [Homo sapiens]	786	NCBI RefSeq protein via E-utilities	2026-05-01T23:31:44.933000+00:00	ACE2[Gene Name] AND Mammalia[Organism] AND srcdb_refseq[PROP] NOT partial[Title]
NP_001358344.1	1700998532	NP_001358344.1 angiotensin-converting enzyme 2 isoform 1 precursor [Homo sapiens]	805	NCBI RefSeq protein via E-utilities	2026-05-01T23:31:44.933000+00:00	ACE2[Gene Name] AND Mammalia[Organism] AND srcdb_refseq[PROP] NOT partial[Title]
NP_068576.1	11225609	NP_068576.1 angiotensin-converting enzyme 2 isoform 1 precursor [Homo sapiens]	805	NCBI RefSeq protein via E-utilities	2026-05-01T23:31:44.933000+00:00	ACE2[Gene Name] AND Mammalia[Organism] AND srcdb_refseq[PROP] NOT partial[Title]
XP_072470407.1	2945344453	XP_072470407.1 angiotensin-converting enzyme 2 [Notamacropus eugenii]	807	NCBI RefSeq protein via E-utilities	2026-05-01T23:31:44.933000+00:00	ACE2[Gene Name] AND Mammalia[Organism] AND srcdb_refseq[PROP] NOT partial[Title]
XP_072470406.1	2945344450	XP_072470406.1 angiotensin-converting enzyme 2 [Notamacropus eugenii]	807	NCBI RefSeq protein via E-utilities	2026-05-01T23:31:44.933000+00:00	ACE2[Gene Name] AND Mammalia[Organism] AND srcdb_refseq[PROP] NOT partial[Title]
XP_072470405.1	2945344446	XP_072470405.1 angiotensin-converting enzyme 2 [Notamacropus eugenii]	807	NCBI RefSeq protein via E-utilities	2026-05-01T23:31:44.933000+00:00	ACE2[Gene Name] AND Mammalia[Organism] AND srcdb_refseq[PROP] NOT partial[Title]
XP_072470404.1	2945344443	XP_072470404.1 angiotensin-converting enzyme 2 [Notamacropus eugenii]	807	NCBI RefSeq protein via E-utilities	2026-05-01T23:31:44.933000+00:00	ACE2[Gene Name] AND Mammalia[Organism] AND srcdb_refseq[PROP] NOT partial[Title]
XP_072470403.1	2945344439	XP_072470403.1 angiotensin-converting enzyme 2 [Notamacropus eugenii]	807	NCBI RefSeq protein via E-utilities	2026-05-01T23:31:44.933000+00:00	ACE2[Gene Name] AND Mammalia[Organism] AND srcdb_refseq[PROP] NOT partial[Title]
XP_072470401.1	2945344435	XP_072470401.1 angiotensin-converting enzyme 2 [Notamacropus eugenii]	807	NCBI RefSeq protein via E-utilities	2026-05-01T23:31:44.933000+00:00	ACE2[Gene Name] AND Mammalia[Organism] AND srcdb_refseq[PROP] NOT partial[Title]
XP_071462140.1	2919616330	XP_071462140.1 angiotensin-converting enzyme 2 isoform X2 [Marmota flaviventris]	696	NCBI RefSeq protein via E-utilities	2026-05-01T23:31:44.933000+00:00	ACE2[Gene Name] AND Mammalia[Organism] AND srcdb_refseq[PROP] NOT partial[Title]
XP_071462139.1	2919616328	XP_071462139.1 angiotensin-converting enzyme 2 isoform X1 [Marmota flaviventris]	807	NCBI RefSeq protein via E-utilities	2026-05-01T23:31:44.933000+00:00	ACE2[Gene Name] AND Mammalia[Organism] AND srcdb_refseq[PROP] NOT partial[Title]
XP_024425698.2	2451163068	XP_024425698.2 angiotensin-converting enzyme 2 [Desmodus rotundus]	804	NCBI RefSeq protein via E-utilities	2026-05-01T23:31:44.933000+00:00	ACE2[Gene Name] AND Mammalia[Organism] AND srcdb_refseq[PROP] NOT partial[Title]
XP_004449124.1	488514198	XP_004449124.1 angiotensin-converting enzyme 2 [Dasypus novemcinctus]	804	NCBI RefSeq protein via E-utilities	2026-05-01T23:31:44.933000+00:00	ACE2[Gene Name] AND Mammalia[Organism] AND srcdb_refseq[PROP] NOT partial[Title]
XP_054942302.1	2487113351	XP_054942302.1 angiotensin-converting enzyme 2 isoform X2 [Physeter macrocephalus]	804	NCBI RefSeq protein via E-utilities	2026-05-01T23:31:44.933000+00:00	ACE2[Gene Name] AND Mammalia[Organism] AND srcdb_refseq[PROP] NOT partial[Title]
XP_054942301.1	2487113349	XP_054942301.1 angiotensin-converting enzyme 2 isoform X1 [Physeter macrocephalus]	457	NCBI RefSeq protein via E-utilities	2026-05-01T23:31:44.933000+00:00	ACE2[Gene Name] AND Mammalia[Organism] AND srcdb_refseq[PROP] NOT partial[Title]
XP_019811720.2	2878557292	XP_019811720.2 angiotensin-converting enzyme 2 isoform X2 [Bos indicus]	804	NCBI RefSeq protein via E-utilities	2026-05-01T23:31:44.933000+00:00	ACE2[Gene Name] AND Mammalia[Organism] AND srcdb_refseq[PROP] NOT partial[Title]
XP_019811719.2	2878557290	XP_019811719.2 angiotensin-converting enzyme 2 isoform X1 [Bos indicus]	811	NCBI RefSeq protein via E-utilities	2026-05-01T23:31:44.933000+00:00	ACE2[Gene Name] AND Mammalia[Organism] AND srcdb_refseq[PROP] NOT partial[Title]
XP_070459854.1	2873556978	XP_070459854.1 angiotensin-converting enzyme 2 [Equus przewalskii]	805	NCBI RefSeq protein via E-utilities	2026-05-01T23:31:44.933000+00:00	ACE2[Gene Name] AND Mammalia[Organism] AND srcdb_refseq[PROP] NOT partial[Title]
XP_024843618.1	1387293608	XP_024843618.1 angiotensin-converting enzyme 2 isoform X1 [Bos taurus]	811	NCBI RefSeq protein via E-utilities	2026-05-01T23:31:44.933000+00:00	ACE2[Gene Name] AND Mammalia[Organism] AND srcdb_refseq[PROP] NOT partial[Title]
XP_008542995.1	664770841	XP_008542995.1 angiotensin-converting enzyme 2 [Equus przewalskii]	805	NCBI RefSeq protein via E-utilities	2026-05-01T23:31:44.933000+00:00	ACE2[Gene Name] AND Mammalia[Organism] AND srcdb_refseq[PROP] NOT partial[Title]
XP_070318735.1	2871636869	XP_070318735.1 angiotensin-converting enzyme 2 isoform X2 [Odocoileus virginianus]	796	NCBI RefSeq protein via E-utilities	2026-05-01T23:31:44.933000+00:00	ACE2[Gene Name] AND Mammalia[Organism] AND srcdb_refseq[PROP] NOT partial[Title]
XP_070318734.1	2871636867	XP_070318734.1 angiotensin-converting enzyme 2 isoform X1 [Odocoileus virginianus]	804	NCBI RefSeq protein via E-utilities	2026-05-01T23:31:44.933000+00:00	ACE2[Gene Name] AND Mammalia[Organism] AND srcdb_refseq[PROP] NOT partial[Title]
XP_070318733.1	2871636865	XP_070318733.1 angiotensin-converting enzyme 2 isoform X1 [Odocoileus virginianus]	804	NCBI RefSeq protein via E-utilities	2026-05-01T23:31:44.933000+00:00	ACE2[Gene Name] AND Mammalia[Organism] AND srcdb_refseq[PROP] NOT partial[Title]
XP_044620396.1	2124543969	XP_044620396.1 angiotensin-converting enzyme 2 [Equus asinus]	805	NCBI RefSeq protein via E-utilities	2026-05-01T23:31:44.933000+00:00	ACE2[Gene Name] AND Mammalia[Organism] AND srcdb_refseq[PROP] NOT partial[Title]
XP_070221898.1	2868714025	XP_070221898.1 angiotensin-converting enzyme 2 isoform X3 [Bos mutus]	750	NCBI RefSeq protein via E-utilities	2026-05-01T23:31:44.933000+00:00	ACE2[Gene Name] AND Mammalia[Organism] AND srcdb_refseq[PROP] NOT partial[Title]
XP_070221897.1	2868714022	XP_070221897.1 angiotensin-converting enzyme 2 isoform X1 [Bos mutus]	811	NCBI RefSeq protein via E-utilities	2026-05-01T23:31:44.933000+00:00	ACE2[Gene Name] AND Mammalia[Organism] AND srcdb_refseq[PROP] NOT partial[Title]
XP_070147447.1	2868631313	XP_070147447.1 angiotensin-converting enzyme 2 isoform X2 [Ovis canadensis]	804	NCBI RefSeq protein via E-utilities	2026-05-01T23:31:44.933000+00:00	ACE2[Gene Name] AND Mammalia[Organism] AND srcdb_refseq[PROP] NOT partial[Title]
XP_070147446.1	2868631310	XP_070147446.1 angiotensin-converting enzyme 2 isoform X1 [Ovis canadensis]	811	NCBI RefSeq protein via E-utilities	2026-05-01T23:31:44.933000+00:00	ACE2[Gene Name] AND Mammalia[Organism] AND srcdb_refseq[PROP] NOT partial[Title]
XP_005903173.1	555982534	XP_005903173.1 angiotensin-converting enzyme 2 isoform X2 [Bos mutus]	804	NCBI RefSeq protein via E-utilities	2026-05-01T23:31:44.933000+00:00	ACE2[Gene Name] AND Mammalia[Organism] AND srcdb_refseq[PROP] NOT partial[Title]
XP_070113054.1	2868119146	XP_070113054.1 angiotensin-converting enzyme 2 [Equus caballus]	805	NCBI RefSeq protein via E-utilities	2026-05-01T23:31:44.933000+00:00	ACE2[Gene Name] AND Mammalia[Organism] AND srcdb_refseq[PROP] NOT partial[Title]
XP_001490241.2	2868119144	XP_001490241.2 angiotensin-converting enzyme 2 [Equus caballus]	805	NCBI RefSeq protein via E-utilities	2026-05-01T23:31:44.933000+00:00	ACE2[Gene Name] AND Mammalia[Organism] AND srcdb_refseq[PROP] NOT partial[Title]
XP_002719891.2	2862956318	XP_002719891.2 angiotensin-converting enzyme 2 [Oryctolagus cuniculus]	805	NCBI RefSeq protein via E-utilities	2026-05-01T23:31:44.933000+00:00	ACE2[Gene Name] AND Mammalia[Organism] AND srcdb_refseq[PROP] NOT partial[Title]
XP_051682905.2	2862956316	XP_051682905.2 angiotensin-converting enzyme 2 [Oryctolagus cuniculus]	805	NCBI RefSeq protein via E-utilities	2026-05-01T23:31:44.933000+00:00	ACE2[Gene Name] AND Mammalia[Organism] AND srcdb_refseq[PROP] NOT partial[Title]
XP_069896933.1	2859799097	XP_069896933.1 angiotensin-converting enzyme 2 [Dipodomys merriami]	805	NCBI RefSeq protein via E-utilities	2026-05-01T23:31:44.933000+00:00	ACE2[Gene Name] AND Mammalia[Organism] AND srcdb_refseq[PROP] NOT partial[Title]
XP_059858066.2	2842153808	XP_059858066.2 angiotensin-converting enzyme 2 [Delphinus delphis]	483	NCBI RefSeq protein via E-utilities	2026-05-01T23:31:44.933000+00:00	ACE2[Gene Name] AND Mammalia[Organism] AND srcdb_refseq[PROP] NOT partial[Title]
XP_069320479.1	2838005560	XP_069320479.1 angiotensin-converting enzyme 2 isoform X2 [Eulemur rufifrons]	720	NCBI RefSeq protein via E-utilities	2026-05-01T23:31:44.933000+00:00	ACE2[Gene Name] AND Mammalia[Organism] AND srcdb_refseq[PROP] NOT partial[Title]
XP_069320478.1	2838005558	XP_069320478.1 angiotensin-converting enzyme 2 isoform X1 [Eulemur rufifrons]	831	NCBI RefSeq protein via E-utilities	2026-05-01T23:31:44.933000+00:00	ACE2[Gene Name] AND Mammalia[Organism] AND srcdb_refseq[PROP] NOT partial[Title]
XP_068956742.1	2826435541	XP_068956742.1 angiotensin-converting enzyme 2 isoform X2 [Petaurus breviceps papuanus]	687	NCBI RefSeq protein via E-utilities	2026-05-01T23:31:44.933000+00:00	ACE2[Gene Name] AND Mammalia[Organism] AND srcdb_refseq[PROP] NOT partial[Title]
XP_068956741.1	2826435538	XP_068956741.1 angiotensin-converting enzyme 2 isoform X1 [Petaurus breviceps papuanus]	806	NCBI RefSeq protein via E-utilities	2026-05-01T23:31:44.933000+00:00	ACE2[Gene Name] AND Mammalia[Organism] AND srcdb_refseq[PROP] NOT partial[Title]
XP_068956740.1	2826435535	XP_068956740.1 angiotensin-converting enzyme 2 isoform X1 [Petaurus breviceps papuanus]	806	NCBI RefSeq protein via E-utilities	2026-05-01T23:31:44.933000+00:00	ACE2[Gene Name] AND Mammalia[Organism] AND srcdb_refseq[PROP] NOT partial[Title]
XP_068818348.1	2813727557	XP_068818348.1 angiotensin-converting enzyme 2 isoform X3 [Capricornis sumatraensis]	693	NCBI RefSeq protein via E-utilities	2026-05-01T23:31:44.933000+00:00	ACE2[Gene Name] AND Mammalia[Organism] AND srcdb_refseq[PROP] NOT partial[Title]
XP_068818347.1	2813727555	XP_068818347.1 angiotensin-converting enzyme 2 isoform X2 [Capricornis sumatraensis]	803	NCBI RefSeq protein via E-utilities	2026-05-01T23:31:44.933000+00:00	ACE2[Gene Name] AND Mammalia[Organism] AND srcdb_refseq[PROP] NOT partial[Title]
XP_068818345.1	2813727553	XP_068818345.1 angiotensin-converting enzyme 2 isoform X1 [Capricornis sumatraensis]	810	NCBI RefSeq protein via E-utilities	2026-05-01T23:31:44.933000+00:00	ACE2[Gene Name] AND Mammalia[Organism] AND srcdb_refseq[PROP] NOT partial[Title]
XP_068389481.1	2806611842	XP_068389481.1 angiotensin-converting enzyme 2 [Eschrichtius robustus]	804	NCBI RefSeq protein via E-utilities	2026-05-01T23:31:44.933000+00:00	ACE2[Gene Name] AND Mammalia[Organism] AND srcdb_refseq[PROP] NOT partial[Title]
XP_050016622.1	2287738949	XP_050016622.1 angiotensin-converting enzyme 2 [Alexandromys fortis]	805	NCBI RefSeq protein via E-utilities	2026-05-01T23:31:44.933000+00:00	ACE2[Gene Name] AND Mammalia[Organism] AND srcdb_refseq[PROP] NOT partial[Title]
XP_067579140.1	2791955392	XP_067579140.1 angiotensin-converting enzyme 2 isoform X3 [Pseudorca crassidens]	557	NCBI RefSeq protein via E-utilities	2026-05-01T23:31:44.933000+00:00	ACE2[Gene Name] AND Mammalia[Organism] AND srcdb_refseq[PROP] NOT partial[Title]
XP_067579139.1	2791955390	XP_067579139.1 angiotensin-converting enzyme 2 isoform X2 [Pseudorca crassidens]	730	NCBI RefSeq protein via E-utilities	2026-05-01T23:31:44.933000+00:00	ACE2[Gene Name] AND Mammalia[Organism] AND srcdb_refseq[PROP] NOT partial[Title]
XP_067579138.1	2791955388	XP_067579138.1 angiotensin-converting enzyme 2 isoform X1 [Pseudorca crassidens]	804	NCBI RefSeq protein via E-utilities	2026-05-01T23:31:44.933000+00:00	ACE2[Gene Name] AND Mammalia[Organism] AND srcdb_refseq[PROP] NOT partial[Title]
XP_067579137.1	2791955386	XP_067579137.1 angiotensin-converting enzyme 2 isoform X1 [Pseudorca crassidens]	804	NCBI RefSeq protein via E-utilities	2026-05-01T23:31:44.933000+00:00	ACE2[Gene Name] AND Mammalia[Organism] AND srcdb_refseq[PROP] NOT partial[Title]
XP_066880271.1	2782187209	XP_066880271.1 angiotensin-converting enzyme 2 [Kogia breviceps]	804	NCBI RefSeq protein via E-utilities	2026-05-01T23:31:44.933000+00:00	ACE2[Gene Name] AND Mammalia[Organism] AND srcdb_refseq[PROP] NOT partial[Title]
XP_066880270.1	2782187207	XP_066880270.1 angiotensin-converting enzyme 2 [Kogia breviceps]	804	NCBI RefSeq protein via E-utilities	2026-05-01T23:31:44.933000+00:00	ACE2[Gene Name] AND Mammalia[Organism] AND srcdb_refseq[PROP] NOT partial[Title]
XP_058906840.1	2566775621	XP_058906840.1 angiotensin-converting enzyme 2 [Kogia breviceps]	804	NCBI RefSeq protein via E-utilities	2026-05-01T23:31:44.933000+00:00	ACE2[Gene Name] AND Mammalia[Organism] AND srcdb_refseq[PROP] NOT partial[Title]
XP_063490633.1	2694562698	XP_063490633.1 angiotensin-converting enzyme 2 isoform X3 [Symphalangus syndactylus]	694	NCBI RefSeq protein via E-utilities	2026-05-01T23:31:44.933000+00:00	ACE2[Gene Name] AND Mammalia[Organism] AND srcdb_refseq[PROP] NOT partial[Title]
XP_063490632.1	2694562696	XP_063490632.1 angiotensin-converting enzyme 2 isoform X2 [Symphalangus syndactylus]	790	NCBI RefSeq protein via E-utilities	2026-05-01T23:31:44.933000+00:00	ACE2[Gene Name] AND Mammalia[Organism] AND srcdb_refseq[PROP] NOT partial[Title]
XP_063490631.1	2694562694	XP_063490631.1 angiotensin-converting enzyme 2 isoform X1 [Symphalangus syndactylus]	805	NCBI RefSeq protein via E-utilities	2026-05-01T23:31:44.933000+00:00	ACE2[Gene Name] AND Mammalia[Organism] AND srcdb_refseq[PROP] NOT partial[Title]
XP_055125219.1	2491731149	XP_055125219.1 angiotensin-converting enzyme 2 isoform X4 [Symphalangus syndactylus]	459	NCBI RefSeq protein via E-utilities	2026-05-01T23:31:44.933000+00:00	ACE2[Gene Name] AND Mammalia[Organism] AND srcdb_refseq[PROP] NOT partial[Title]
XP_066212217.1	2756209617	XP_066212217.1 angiotensin-converting enzyme 2 [Saccopteryx leptura]	813	NCBI RefSeq protein via E-utilities	2026-05-01T23:31:44.933000+00:00	ACE2[Gene Name] AND Mammalia[Organism] AND srcdb_refseq[PROP] NOT partial[Title]
XP_066104956.1	2753731495	XP_066104956.1 angiotensin-converting enzyme 2 [Saccopteryx bilineata]	813	NCBI RefSeq protein via E-utilities	2026-05-01T23:31:44.933000+00:00	ACE2[Gene Name] AND Mammalia[Organism] AND srcdb_refseq[PROP] NOT partial[Title]
XP_065771252.1	2746079083	XP_065771252.1 angiotensin-converting enzyme 2 [Muntiacus reevesi]	804	NCBI RefSeq protein via E-utilities	2026-05-01T23:31:44.933000+00:00	ACE2[Gene Name] AND Mammalia[Organism] AND srcdb_refseq[PROP] NOT partial[Title]
XP_065756439.1	2745978467	XP_065756439.1 LOW QUALITY PROTEIN: angiotensin-converting enzyme 2 [Phocoena phocoena]	804	NCBI RefSeq protein via E-utilities	2026-05-01T23:31:44.933000+00:00	ACE2[Gene Name] AND Mammalia[Organism] AND srcdb_refseq[PROP] NOT partial[Title]
XP_045742014.1	2177996751	XP_045742014.1 angiotensin-converting enzyme 2 [Mirounga angustirostris]	805	NCBI RefSeq protein via E-utilities	2026-05-01T23:31:44.933000+00:00	ACE2[Gene Name] AND Mammalia[Organism] AND srcdb_refseq[PROP] NOT partial[Title]
XP_031301717.1	1768780744	XP_031301717.1 angiotensin-converting enzyme 2 [Camelus dromedarius]	805	NCBI RefSeq protein via E-utilities	2026-05-01T23:31:44.933000+00:00	ACE2[Gene Name] AND Mammalia[Organism] AND srcdb_refseq[PROP] NOT partial[Title]
XP_012290105.2	2715661567	XP_012290105.2 angiotensin-converting enzyme 2 [Aotus nancymaae]	805	NCBI RefSeq protein via E-utilities	2026-05-01T23:31:44.933000+00:00	ACE2[Gene Name] AND Mammalia[Organism] AND srcdb_refseq[PROP] NOT partial[Title]
XP_023410960.1	1328780536	XP_023410960.1 angiotensin-converting enzyme 2 [Loxodonta africana]	800	NCBI RefSeq protein via E-utilities	2026-05-01T23:31:44.933000+00:00	ACE2[Gene Name] AND Mammalia[Organism] AND srcdb_refseq[PROP] NOT partial[Title]
NP_001124604.1	197100495	NP_001124604.1 angiotensin-converting enzyme 2 precursor [Pongo abelii]	805	NCBI RefSeq protein via E-utilities	2026-05-01T23:31:44.933000+00:00	ACE2[Gene Name] AND Mammalia[Organism] AND srcdb_refseq[PROP] NOT partial[Title]
XP_054437166.1	2466528632	XP_054437166.1 angiotensin-converting enzyme 2 isoform X2 [Pteronotus mesoamericanus]	692	NCBI RefSeq protein via E-utilities	2026-05-01T23:31:44.933000+00:00	ACE2[Gene Name] AND Mammalia[Organism] AND srcdb_refseq[PROP] NOT partial[Title]
XP_054437165.1	2466528628	XP_054437165.1 angiotensin-converting enzyme 2 isoform X1 [Pteronotus mesoamericanus]	803	NCBI RefSeq protein via E-utilities	2026-05-01T23:31:44.933000+00:00	ACE2[Gene Name] AND Mammalia[Organism] AND srcdb_refseq[PROP] NOT partial[Title]
XP_016798469.1	1034190577	XP_016798469.1 angiotensin-converting enzyme 2 isoform X2 [Pan troglodytes]	694	NCBI RefSeq protein via E-utilities	2026-05-01T23:31:44.933000+00:00	ACE2[Gene Name] AND Mammalia[Organism] AND srcdb_refseq[PROP] NOT partial[Title]
XP_016798468.1	1034190575	XP_016798468.1 angiotensin-converting enzyme 2 isoform X1 [Pan troglodytes]	805	NCBI RefSeq protein via E-utilities	2026-05-01T23:31:44.933000+00:00	ACE2[Gene Name] AND Mammalia[Organism] AND srcdb_refseq[PROP] NOT partial[Title]
XP_054327942.1	2463528938	XP_054327942.1 angiotensin-converting enzyme 2 isoform X2 [Pongo pygmaeus]	737	NCBI RefSeq protein via E-utilities	2026-05-01T23:31:44.933000+00:00	ACE2[Gene Name] AND Mammalia[Organism] AND srcdb_refseq[PROP] NOT partial[Title]
XP_054327941.1	2463528936	XP_054327941.1 angiotensin-converting enzyme 2 isoform X1 [Pongo pygmaeus]	805	NCBI RefSeq protein via E-utilities	2026-05-01T23:31:44.933000+00:00	ACE2[Gene Name] AND Mammalia[Organism] AND srcdb_refseq[PROP] NOT partial[Title]
XP_008972428.3	2490809742	XP_008972428.3 angiotensin-converting enzyme 2 [Pan paniscus]	805	NCBI RefSeq protein via E-utilities	2026-05-01T23:31:44.933000+00:00	ACE2[Gene Name] AND Mammalia[Organism] AND srcdb_refseq[PROP] NOT partial[Title]
XP_054399924.1	2464223791	XP_054399924.1 angiotensin-converting enzyme 2 isoform X1 [Pongo abelii]	805	NCBI RefSeq protein via E-utilities	2026-05-01T23:31:44.933000+00:00	ACE2[Gene Name] AND Mammalia[Organism] AND srcdb_refseq[PROP] NOT partial[Title]
XP_063099001.1	2687752555	XP_063099001.1 angiotensin-converting enzyme 2 [Cavia porcellus]	813	NCBI RefSeq protein via E-utilities	2026-05-01T23:31:44.933000+00:00	ACE2[Gene Name] AND Mammalia[Organism] AND srcdb_refseq[PROP] NOT partial[Title]
XP_063099000.1	2687752553	XP_063099000.1 angiotensin-converting enzyme 2 [Cavia porcellus]	813	NCBI RefSeq protein via E-utilities	2026-05-01T23:31:44.933000+00:00	ACE2[Gene Name] AND Mammalia[Organism] AND srcdb_refseq[PROP] NOT partial[Title]
XP_038955583.1	1958807149	XP_038955583.1 angiotensin-converting enzyme 2 isoform X1 [Rattus norvegicus]	805	NCBI RefSeq protein via E-utilities	2026-05-01T23:31:44.933000+00:00	ACE2[Gene Name] AND Mammalia[Organism] AND srcdb_refseq[PROP] NOT partial[Title]
XP_038955582.1	1958807147	XP_038955582.1 angiotensin-converting enzyme 2 isoform X1 [Rattus norvegicus]	805	NCBI RefSeq protein via E-utilities	2026-05-01T23:31:44.933000+00:00	ACE2[Gene Name] AND Mammalia[Organism] AND srcdb_refseq[PROP] NOT partial[Title]
XP_062939077.1	2676541435	XP_062939077.1 angiotensin-converting enzyme 2 isoform X2 [Cynocephalus volans]	694	NCBI RefSeq protein via E-utilities	2026-05-01T23:31:44.933000+00:00	ACE2[Gene Name] AND Mammalia[Organism] AND srcdb_refseq[PROP] NOT partial[Title]
XP_062939076.1	2676541433	XP_062939076.1 angiotensin-converting enzyme 2 isoform X1 [Cynocephalus volans]	805	NCBI RefSeq protein via E-utilities	2026-05-01T23:31:44.933000+00:00	ACE2[Gene Name] AND Mammalia[Organism] AND srcdb_refseq[PROP] NOT partial[Title]
XP_055419565.1	2496516903	XP_055419565.1 angiotensin-converting enzyme 2 [Bubalus kerabau]	803	NCBI RefSeq protein via E-utilities	2026-05-01T23:31:44.933000+00:00	ACE2[Gene Name] AND Mammalia[Organism] AND srcdb_refseq[PROP] NOT partial[Title]
XP_004386381.1	471409617	XP_004386381.1 angiotensin-converting enzyme 2 [Trichechus manatus latirostris]	800	NCBI RefSeq protein via E-utilities	2026-05-01T23:31:44.933000+00:00	ACE2[Gene Name] AND Mammalia[Organism] AND srcdb_refseq[PROP] NOT partial[Title]
XP_062039638.1	2646936212	XP_062039638.1 LOW QUALITY PROTEIN: angiotensin-converting enzyme 2 [Lepus europaeus]	805	NCBI RefSeq protein via E-utilities	2026-05-01T23:31:44.933000+00:00	ACE2[Gene Name] AND Mammalia[Organism] AND srcdb_refseq[PROP] NOT partial[Title]
XP_061264084.1	2633909754	XP_061264084.1 angiotensin-converting enzyme 2 isoform X2 [Bos javanicus]	804	NCBI RefSeq protein via E-utilities	2026-05-01T23:31:44.933000+00:00	ACE2[Gene Name] AND Mammalia[Organism] AND srcdb_refseq[PROP] NOT partial[Title]
XP_061264083.1	2633909750	XP_061264083.1 angiotensin-converting enzyme 2 isoform X1 [Bos javanicus]	811	NCBI RefSeq protein via E-utilities	2026-05-01T23:31:44.933000+00:00	ACE2[Gene Name] AND Mammalia[Organism] AND srcdb_refseq[PROP] NOT partial[Title]
XP_061035520.1	2625790515	XP_061035520.1 angiotensin-converting enzyme 2 [Eubalaena glacialis]	804	NCBI RefSeq protein via E-utilities	2026-05-01T23:31:44.933000+00:00	ACE2[Gene Name] AND Mammalia[Organism] AND srcdb_refseq[PROP] NOT partial[Title]
XP_060993301.1	2625385966	XP_060993301.1 angiotensin-converting enzyme 2 isoform X2 [Dama dama]	649	NCBI RefSeq protein via E-utilities	2026-05-01T23:31:44.933000+00:00	ACE2[Gene Name] AND Mammalia[Organism] AND srcdb_refseq[PROP] NOT partial[Title]
XP_060993300.1	2625385964	XP_060993300.1 angiotensin-converting enzyme 2 isoform X1 [Dama dama]	804	NCBI RefSeq protein via E-utilities	2026-05-01T23:31:44.933000+00:00	ACE2[Gene Name] AND Mammalia[Organism] AND srcdb_refseq[PROP] NOT partial[Title]
XP_060264273.1	2607287500	XP_060264273.1 angiotensin-converting enzyme 2 isoform X4 [Ovis aries]	743	NCBI RefSeq protein via E-utilities	2026-05-01T23:31:44.933000+00:00	ACE2[Gene Name] AND Mammalia[Organism] AND srcdb_refseq[PROP] NOT partial[Title]
XP_042098229.1	2062937258	XP_042098229.1 angiotensin-converting enzyme 2 isoform X3 [Ovis aries]	750	NCBI RefSeq protein via E-utilities	2026-05-01T23:31:44.933000+00:00	ACE2[Gene Name] AND Mammalia[Organism] AND srcdb_refseq[PROP] NOT partial[Title]
XP_042098228.1	2062937252	XP_042098228.1 angiotensin-converting enzyme 2 isoform X1 [Ovis aries]	811	NCBI RefSeq protein via E-utilities	2026-05-01T23:31:44.933000+00:00	ACE2[Gene Name] AND Mammalia[Organism] AND srcdb_refseq[PROP] NOT partial[Title]
XP_011961657.1	803201330	XP_011961657.1 angiotensin-converting enzyme 2 isoform X2 [Ovis aries]	804	NCBI RefSeq protein via E-utilities	2026-05-01T23:31:44.933000+00:00	ACE2[Gene Name] AND Mammalia[Organism] AND srcdb_refseq[PROP] NOT partial[Title]
XP_060230507.1	2599594250	XP_060230507.1 angiotensin-converting enzyme 2 [Meriones unguiculatus]	805	NCBI RefSeq protein via E-utilities	2026-05-01T23:31:44.933000+00:00	ACE2[Gene Name] AND Mammalia[Organism] AND srcdb_refseq[PROP] NOT partial[Title]
XP_060038996.1	2591639489	XP_060038996.1 angiotensin-converting enzyme 2 [Erinaceus europaeus]	804	NCBI RefSeq protein via E-utilities	2026-05-01T23:31:44.933000+00:00	ACE2[Gene Name] AND Mammalia[Organism] AND srcdb_refseq[PROP] NOT partial[Title]
XP_060038995.1	2591639487	XP_060038995.1 angiotensin-converting enzyme 2 [Erinaceus europaeus]	804	NCBI RefSeq protein via E-utilities	2026-05-01T23:31:44.933000+00:00	ACE2[Gene Name] AND Mammalia[Organism] AND srcdb_refseq[PROP] NOT partial[Title]
XP_055987157.1	2506763528	XP_055987157.1 angiotensin-converting enzyme 2 [Sorex fumeus]	796	NCBI RefSeq protein via E-utilities	2026-05-01T23:31:44.933000+00:00	ACE2[Gene Name] AND Mammalia[Organism] AND srcdb_refseq[PROP] NOT partial[Title]
XP_059993365.1	2589549859	XP_059993365.1 angiotensin-converting enzyme 2 [Lagenorhynchus albirostris]	549	NCBI RefSeq protein via E-utilities	2026-05-01T23:31:44.933000+00:00	ACE2[Gene Name] AND Mammalia[Organism] AND srcdb_refseq[PROP] NOT partial[Title]
XP_059943107.1	2589252212	XP_059943107.1 angiotensin-converting enzyme 2 isoform X2 [Mesoplodon densirostris]	693	NCBI RefSeq protein via E-utilities	2026-05-01T23:31:44.933000+00:00	ACE2[Gene Name] AND Mammalia[Organism] AND srcdb_refseq[PROP] NOT partial[Title]
XP_059943105.1	2589252210	XP_059943105.1 angiotensin-converting enzyme 2 isoform X1 [Mesoplodon densirostris]	804	NCBI RefSeq protein via E-utilities	2026-05-01T23:31:44.933000+00:00	ACE2[Gene Name] AND Mammalia[Organism] AND srcdb_refseq[PROP] NOT partial[Title]
XP_059767321.1	2586597561	XP_059767321.1 angiotensin-converting enzyme 2 [Balaenoptera ricei]	804	NCBI RefSeq protein via E-utilities	2026-05-01T23:31:44.933000+00:00	ACE2[Gene Name] AND Mammalia[Organism] AND srcdb_refseq[PROP] NOT partial[Title]
XP_059767320.1	2586597559	XP_059767320.1 angiotensin-converting enzyme 2 [Balaenoptera ricei]	804	NCBI RefSeq protein via E-utilities	2026-05-01T23:31:44.933000+00:00	ACE2[Gene Name] AND Mammalia[Organism] AND srcdb_refseq[PROP] NOT partial[Title]
XP_059535970.1	2579849733	XP_059535970.1 angiotensin-converting enzyme 2 isoform X2 [Myotis daubentonii]	799	NCBI RefSeq protein via E-utilities	2026-05-01T23:31:44.933000+00:00	ACE2[Gene Name] AND Mammalia[Organism] AND srcdb_refseq[PROP] NOT partial[Title]
XP_059535969.1	2579849731	XP_059535969.1 angiotensin-converting enzyme 2 isoform X1 [Myotis daubentonii]	819	NCBI RefSeq protein via E-utilities	2026-05-01T23:31:44.933000+00:00	ACE2[Gene Name] AND Mammalia[Organism] AND srcdb_refseq[PROP] NOT partial[Title]
XP_059241021.1	2575391274	XP_059241021.1 angiotensin-converting enzyme 2 [Mustela nigripes]	805	NCBI RefSeq protein via E-utilities	2026-05-01T23:31:44.933000+00:00	ACE2[Gene Name] AND Mammalia[Organism] AND srcdb_refseq[PROP] NOT partial[Title]
XP_059241020.1	2575391272	XP_059241020.1 angiotensin-converting enzyme 2 [Mustela nigripes]	805	NCBI RefSeq protein via E-utilities	2026-05-01T23:31:44.933000+00:00	ACE2[Gene Name] AND Mammalia[Organism] AND srcdb_refseq[PROP] NOT partial[Title]
XP_059106681.1	2572476231	XP_059106681.1 angiotensin-converting enzyme 2 [Peromyscus eremicus]	805	NCBI RefSeq protein via E-utilities	2026-05-01T23:31:44.933000+00:00	ACE2[Gene Name] AND Mammalia[Organism] AND srcdb_refseq[PROP] NOT partial[Title]
XP_059013893.1	2567556743	XP_059013893.1 angiotensin-converting enzyme 2 [Mustela lutreola]	805	NCBI RefSeq protein via E-utilities	2026-05-01T23:31:44.933000+00:00	ACE2[Gene Name] AND Mammalia[Organism] AND srcdb_refseq[PROP] NOT partial[Title]
XP_058568772.1	2558915072	XP_058568772.1 angiotensin-converting enzyme 2 isoform X2 [Neofelis nebulosa]	683	NCBI RefSeq protein via E-utilities	2026-05-01T23:31:44.933000+00:00	ACE2[Gene Name] AND Mammalia[Organism] AND srcdb_refseq[PROP] NOT partial[Title]
XP_058568771.1	2558915070	XP_058568771.1 angiotensin-converting enzyme 2 isoform X1 [Neofelis nebulosa]	805	NCBI RefSeq protein via E-utilities	2026-05-01T23:31:44.933000+00:00	ACE2[Gene Name] AND Mammalia[Organism] AND srcdb_refseq[PROP] NOT partial[Title]
XP_058568770.1	2558915068	XP_058568770.1 angiotensin-converting enzyme 2 isoform X1 [Neofelis nebulosa]	805	NCBI RefSeq protein via E-utilities	2026-05-01T23:31:44.933000+00:00	ACE2[Gene Name] AND Mammalia[Organism] AND srcdb_refseq[PROP] NOT partial[Title]
XP_004597549.4	2558373797	XP_004597549.4 angiotensin-converting enzyme 2 [Ochotona princeps]	808	NCBI RefSeq protein via E-utilities	2026-05-01T23:31:44.933000+00:00	ACE2[Gene Name] AND Mammalia[Organism] AND srcdb_refseq[PROP] NOT partial[Title]
XP_058428552.1	2556760322	XP_058428552.1 angiotensin-converting enzyme 2 [Marmota monax]	817	NCBI RefSeq protein via E-utilities	2026-05-01T23:31:44.933000+00:00	ACE2[Gene Name] AND Mammalia[Organism] AND srcdb_refseq[PROP] NOT partial[Title]
XP_046280299.1	2187355634	XP_046280299.1 angiotensin-converting enzyme 2 [Marmota monax]	817	NCBI RefSeq protein via E-utilities	2026-05-01T23:31:44.933000+00:00	ACE2[Gene Name] AND Mammalia[Organism] AND srcdb_refseq[PROP] NOT partial[Title]
XP_058391462.1	2555200268	XP_058391462.1 angiotensin-converting enzyme 2 isoform X2 [Diceros bicornis minor]	694	NCBI RefSeq protein via E-utilities	2026-05-01T23:31:44.933000+00:00	ACE2[Gene Name] AND Mammalia[Organism] AND srcdb_refseq[PROP] NOT partial[Title]
XP_058391461.1	2555200266	XP_058391461.1 angiotensin-converting enzyme 2 isoform X1 [Diceros bicornis minor]	805	NCBI RefSeq protein via E-utilities	2026-05-01T23:31:44.933000+00:00	ACE2[Gene Name] AND Mammalia[Organism] AND srcdb_refseq[PROP] NOT partial[Title]
XP_058297387.1	2552960218	XP_058297387.1 angiotensin-converting enzyme 2 [Hylobates moloch]	805	NCBI RefSeq protein via E-utilities	2026-05-01T23:31:44.933000+00:00	ACE2[Gene Name] AND Mammalia[Organism] AND srcdb_refseq[PROP] NOT partial[Title]
XP_057573710.1	2528724022	XP_057573710.1 angiotensin-converting enzyme 2 isoform X3 [Hippopotamus amphibius kiboko]	654	NCBI RefSeq protein via E-utilities	2026-05-01T23:31:44.933000+00:00	ACE2[Gene Name] AND Mammalia[Organism] AND srcdb_refseq[PROP] NOT partial[Title]
XP_057573709.1	2528724020	XP_057573709.1 angiotensin-converting enzyme 2 isoform X2 [Hippopotamus amphibius kiboko]	723	NCBI RefSeq protein via E-utilities	2026-05-01T23:31:44.933000+00:00	ACE2[Gene Name] AND Mammalia[Organism] AND srcdb_refseq[PROP] NOT partial[Title]
XP_057573708.1	2528724018	XP_057573708.1 angiotensin-converting enzyme 2 isoform X2 [Hippopotamus amphibius kiboko]	723	NCBI RefSeq protein via E-utilities	2026-05-01T23:31:44.933000+00:00	ACE2[Gene Name] AND Mammalia[Organism] AND srcdb_refseq[PROP] NOT partial[Title]
XP_057573707.1	2528724016	XP_057573707.1 angiotensin-converting enzyme 2 isoform X1 [Hippopotamus amphibius kiboko]	804	NCBI RefSeq protein via E-utilities	2026-05-01T23:31:44.933000+00:00	ACE2[Gene Name] AND Mammalia[Organism] AND srcdb_refseq[PROP] NOT partial[Title]
XP_057573706.1	2528724014	XP_057573706.1 angiotensin-converting enzyme 2 isoform X1 [Hippopotamus amphibius kiboko]	804	NCBI RefSeq protein via E-utilities	2026-05-01T23:31:44.933000+00:00	ACE2[Gene Name] AND Mammalia[Organism] AND srcdb_refseq[PROP] NOT partial[Title]
XP_057573705.1	2528724012	XP_057573705.1 angiotensin-converting enzyme 2 isoform X1 [Hippopotamus amphibius kiboko]	804	NCBI RefSeq protein via E-utilities	2026-05-01T23:31:44.933000+00:00	ACE2[Gene Name] AND Mammalia[Organism] AND srcdb_refseq[PROP] NOT partial[Title]
XP_057615966.1	2528567868	XP_057615966.1 angiotensin-converting enzyme 2 [Chionomys nivalis]	804	NCBI RefSeq protein via E-utilities	2026-05-01T23:31:44.933000+00:00	ACE2[Gene Name] AND Mammalia[Organism] AND srcdb_refseq[PROP] NOT partial[Title]
XP_057395041.1	2526720730	XP_057395041.1 angiotensin-converting enzyme 2 [Balaenoptera acutorostrata]	536	NCBI RefSeq protein via E-utilities	2026-05-01T23:31:44.933000+00:00	ACE2[Gene Name] AND Mammalia[Organism] AND srcdb_refseq[PROP] NOT partial[Title]
XP_036768816.2	2522890590	XP_036768816.2 angiotensin-converting enzyme 2 [Manis pentadactyla]	805	NCBI RefSeq protein via E-utilities	2026-05-01T23:31:44.933000+00:00	ACE2[Gene Name] AND Mammalia[Organism] AND srcdb_refseq[PROP] NOT partial[Title]
XP_057166214.1	2517552257	XP_057166214.1 angiotensin-converting enzyme 2 isoform X1 [Ursus arctos]	805	NCBI RefSeq protein via E-utilities	2026-05-01T23:31:44.933000+00:00	ACE2[Gene Name] AND Mammalia[Organism] AND srcdb_refseq[PROP] NOT partial[Title]
XP_057166211.1	2517552253	XP_057166211.1 angiotensin-converting enzyme 2 isoform X1 [Ursus arctos]	805	NCBI RefSeq protein via E-utilities	2026-05-01T23:31:44.933000+00:00	ACE2[Gene Name] AND Mammalia[Organism] AND srcdb_refseq[PROP] NOT partial[Title]
XP_044247820.1	2118213088	XP_044247820.1 angiotensin-converting enzyme 2 isoform X2 [Ursus arctos]	683	NCBI RefSeq protein via E-utilities	2026-05-01T23:31:44.933000+00:00	ACE2[Gene Name] AND Mammalia[Organism] AND srcdb_refseq[PROP] NOT partial[Title]
XP_056664450.1	2514340250	XP_056664450.1 angiotensin-converting enzyme 2 isoform X3 [Monodelphis domestica]	684	NCBI RefSeq protein via E-utilities	2026-05-01T23:31:44.933000+00:00	ACE2[Gene Name] AND Mammalia[Organism] AND srcdb_refseq[PROP] NOT partial[Title]
XP_056664449.1	2514340248	XP_056664449.1 angiotensin-converting enzyme 2 isoform X2 [Monodelphis domestica]	745	NCBI RefSeq protein via E-utilities	2026-05-01T23:31:44.933000+00:00	ACE2[Gene Name] AND Mammalia[Organism] AND srcdb_refseq[PROP] NOT partial[Title]
XP_056664448.1	2514340246	XP_056664448.1 angiotensin-converting enzyme 2 isoform X2 [Monodelphis domestica]	745	NCBI RefSeq protein via E-utilities	2026-05-01T23:31:44.933000+00:00	ACE2[Gene Name] AND Mammalia[Organism] AND srcdb_refseq[PROP] NOT partial[Title]
XP_007500939.2	2514340244	XP_007500939.2 angiotensin-converting enzyme 2 isoform X1 [Monodelphis domestica]	806	NCBI RefSeq protein via E-utilities	2026-05-01T23:31:44.933000+00:00	ACE2[Gene Name] AND Mammalia[Organism] AND srcdb_refseq[PROP] NOT partial[Title]
XP_056664447.1	2514340242	XP_056664447.1 angiotensin-converting enzyme 2 isoform X1 [Monodelphis domestica]	806	NCBI RefSeq protein via E-utilities	2026-05-01T23:31:44.933000+00:00	ACE2[Gene Name] AND Mammalia[Organism] AND srcdb_refseq[PROP] NOT partial[Title]
XP_007500935.2	2514340240	XP_007500935.2 angiotensin-converting enzyme 2 isoform X1 [Monodelphis domestica]	806	NCBI RefSeq protein via E-utilities	2026-05-01T23:31:44.933000+00:00	ACE2[Gene Name] AND Mammalia[Organism] AND srcdb_refseq[PROP] NOT partial[Title]
XP_007500938.2	2514340238	XP_007500938.2 angiotensin-converting enzyme 2 isoform X1 [Monodelphis domestica]	806	NCBI RefSeq protein via E-utilities	2026-05-01T23:31:44.933000+00:00	ACE2[Gene Name] AND Mammalia[Organism] AND srcdb_refseq[PROP] NOT partial[Title]
XP_007500937.2	2514340236	XP_007500937.2 angiotensin-converting enzyme 2 isoform X1 [Monodelphis domestica]	806	NCBI RefSeq protein via E-utilities	2026-05-01T23:31:44.933000+00:00	ACE2[Gene Name] AND Mammalia[Organism] AND srcdb_refseq[PROP] NOT partial[Title]
XP_007500936.2	2514340234	XP_007500936.2 angiotensin-converting enzyme 2 isoform X1 [Monodelphis domestica]	806	NCBI RefSeq protein via E-utilities	2026-05-01T23:31:44.933000+00:00	ACE2[Gene Name] AND Mammalia[Organism] AND srcdb_refseq[PROP] NOT partial[Title]
XP_055471740.1	2496828791	XP_055471740.1 angiotensin-converting enzyme 2 [Psammomys obesus]	805	NCBI RefSeq protein via E-utilities	2026-05-01T23:31:44.933000+00:00	ACE2[Gene Name] AND Mammalia[Organism] AND srcdb_refseq[PROP] NOT partial[Title]
XP_055294141.1	2492350903	XP_055294141.1 angiotensin-converting enzyme 2 isoform X2 [Moschus berezovskii]	743	NCBI RefSeq protein via E-utilities	2026-05-01T23:31:44.933000+00:00	ACE2[Gene Name] AND Mammalia[Organism] AND srcdb_refseq[PROP] NOT partial[Title]
XP_055294140.1	2492350900	XP_055294140.1 angiotensin-converting enzyme 2 isoform X1 [Moschus berezovskii]	804	NCBI RefSeq protein via E-utilities	2026-05-01T23:31:44.933000+00:00	ACE2[Gene Name] AND Mammalia[Organism] AND srcdb_refseq[PROP] NOT partial[Title]
XP_055195067.1	2492162434	XP_055195067.1 angiotensin-converting enzyme 2 isoform X2 [Nyctereutes procyonoides]	683	NCBI RefSeq protein via E-utilities	2026-05-01T23:31:44.933000+00:00	ACE2[Gene Name] AND Mammalia[Organism] AND srcdb_refseq[PROP] NOT partial[Title]
XP_055195066.1	2492162432	XP_055195066.1 angiotensin-converting enzyme 2 isoform X1 [Nyctereutes procyonoides]	804	NCBI RefSeq protein via E-utilities	2026-05-01T23:31:44.933000+00:00	ACE2[Gene Name] AND Mammalia[Organism] AND srcdb_refseq[PROP] NOT partial[Title]
XP_055195065.1	2492162430	XP_055195065.1 angiotensin-converting enzyme 2 isoform X1 [Nyctereutes procyonoides]	804	NCBI RefSeq protein via E-utilities	2026-05-01T23:31:44.933000+00:00	ACE2[Gene Name] AND Mammalia[Organism] AND srcdb_refseq[PROP] NOT partial[Title]
XP_004612266.1	505837402	XP_004612266.1 angiotensin-converting enzyme 2 [Sorex araneus]	803	NCBI RefSeq protein via E-utilities	2026-05-01T23:31:44.933000+00:00	ACE2[Gene Name] AND Mammalia[Organism] AND srcdb_refseq[PROP] NOT partial[Title]
XP_053058075.1	2437621684	XP_053058075.1 angiotensin-converting enzyme 2 [Acinonyx jubatus]	805	NCBI RefSeq protein via E-utilities	2026-05-01T23:31:44.933000+00:00	ACE2[Gene Name] AND Mammalia[Organism] AND srcdb_refseq[PROP] NOT partial[Title]
XP_026910298.1	1512097730	XP_026910298.1 angiotensin-converting enzyme 2 [Acinonyx jubatus]	805	NCBI RefSeq protein via E-utilities	2026-05-01T23:31:44.933000+00:00	ACE2[Gene Name] AND Mammalia[Organism] AND srcdb_refseq[PROP] NOT partial[Title]
XP_026910297.1	1512097728	XP_026910297.1 angiotensin-converting enzyme 2 [Acinonyx jubatus]	805	NCBI RefSeq protein via E-utilities	2026-05-01T23:31:44.933000+00:00	ACE2[Gene Name] AND Mammalia[Organism] AND srcdb_refseq[PROP] NOT partial[Title]
XP_054576423.1	2472385703	XP_054576423.1 angiotensin-converting enzyme 2 isoform X2 [Eptesicus fuscus]	693	NCBI RefSeq protein via E-utilities	2026-05-01T23:31:44.933000+00:00	ACE2[Gene Name] AND Mammalia[Organism] AND srcdb_refseq[PROP] NOT partial[Title]
XP_008153150.2	2472385701	XP_008153150.2 angiotensin-converting enzyme 2 isoform X1 [Eptesicus fuscus]	811	NCBI RefSeq protein via E-utilities	2026-05-01T23:31:44.933000+00:00	ACE2[Gene Name] AND Mammalia[Organism] AND srcdb_refseq[PROP] NOT partial[Title]
XP_037369021.1	1931274771	XP_037369021.1 angiotensin-converting enzyme 2 [Talpa occidentalis]	802	NCBI RefSeq protein via E-utilities	2026-05-01T23:31:44.933000+00:00	ACE2[Gene Name] AND Mammalia[Organism] AND srcdb_refseq[PROP] NOT partial[Title]
XP_053436341.1	2441796623	XP_053436341.1 angiotensin-converting enzyme 2 [Nycticebus coucang]	805	NCBI RefSeq protein via E-utilities	2026-05-01T23:31:44.933000+00:00	ACE2[Gene Name] AND Mammalia[Organism] AND srcdb_refseq[PROP] NOT partial[Title]
XP_037013451.2	2445316909	XP_037013451.2 angiotensin-converting enzyme 2 [Artibeus jamaicensis]	804	NCBI RefSeq protein via E-utilities	2026-05-01T23:31:44.933000+00:00	ACE2[Gene Name] AND Mammalia[Organism] AND srcdb_refseq[PROP] NOT partial[Title]
XP_047700806.1	2229045844	XP_047700806.1 angiotensin-converting enzyme 2 isoform X2 [Prionailurus viverrinus]	744	NCBI RefSeq protein via E-utilities	2026-05-01T23:31:44.933000+00:00	ACE2[Gene Name] AND Mammalia[Organism] AND srcdb_refseq[PROP] NOT partial[Title]
XP_047700805.1	2229045842	XP_047700805.1 angiotensin-converting enzyme 2 isoform X1 [Prionailurus viverrinus]	805	NCBI RefSeq protein via E-utilities	2026-05-01T23:31:44.933000+00:00	ACE2[Gene Name] AND Mammalia[Organism] AND srcdb_refseq[PROP] NOT partial[Title]
XP_047700804.1	2229045840	XP_047700804.1 angiotensin-converting enzyme 2 isoform X1 [Prionailurus viverrinus]	805	NCBI RefSeq protein via E-utilities	2026-05-01T23:31:44.933000+00:00	ACE2[Gene Name] AND Mammalia[Organism] AND srcdb_refseq[PROP] NOT partial[Title]
XP_047621781.1	2225093244	XP_047621781.1 angiotensin-converting enzyme 2 [Phacochoerus africanus]	805	NCBI RefSeq protein via E-utilities	2026-05-01T23:31:44.933000+00:00	ACE2[Gene Name] AND Mammalia[Organism] AND srcdb_refseq[PROP] NOT partial[Title]
XP_047571539.1	2223438427	XP_047571539.1 angiotensin-converting enzyme 2 isoform X2 [Lutra lutra]	683	NCBI RefSeq protein via E-utilities	2026-05-01T23:31:44.933000+00:00	ACE2[Gene Name] AND Mammalia[Organism] AND srcdb_refseq[PROP] NOT partial[Title]
XP_047571538.1	2223438425	XP_047571538.1 angiotensin-converting enzyme 2 isoform X1 [Lutra lutra]	805	NCBI RefSeq protein via E-utilities	2026-05-01T23:31:44.933000+00:00	ACE2[Gene Name] AND Mammalia[Organism] AND srcdb_refseq[PROP] NOT partial[Title]
XP_047391638.1	2219501738	XP_047391638.1 angiotensin-converting enzyme 2 [Sciurus carolinensis]	805	NCBI RefSeq protein via E-utilities	2026-05-01T23:31:44.933000+00:00	ACE2[Gene Name] AND Mammalia[Organism] AND srcdb_refseq[PROP] NOT partial[Title]
XP_047391637.1	2219501736	XP_047391637.1 angiotensin-converting enzyme 2 [Sciurus carolinensis]	805	NCBI RefSeq protein via E-utilities	2026-05-01T23:31:44.933000+00:00	ACE2[Gene Name] AND Mammalia[Organism] AND srcdb_refseq[PROP] NOT partial[Title]
XP_046931882.1	2206699438	XP_046931882.1 angiotensin-converting enzyme 2 [Lynx rufus]	683	NCBI RefSeq protein via E-utilities	2026-05-01T23:31:44.933000+00:00	ACE2[Gene Name] AND Mammalia[Organism] AND srcdb_refseq[PROP] NOT partial[Title]
XP_046528602.1	2193297417	XP_046528602.1 angiotensin-converting enzyme 2 [Equus quagga]	805	NCBI RefSeq protein via E-utilities	2026-05-01T23:31:44.933000+00:00	ACE2[Gene Name] AND Mammalia[Organism] AND srcdb_refseq[PROP] NOT partial[Title]
XP_049560409.1	2280728199	XP_049560409.1 angiotensin-converting enzyme 2 isoform X3 [Orcinus orca]	457	NCBI RefSeq protein via E-utilities	2026-05-01T23:31:44.933000+00:00	ACE2[Gene Name] AND Mammalia[Organism] AND srcdb_refseq[PROP] NOT partial[Title]
XP_049560408.1	2280728197	XP_049560408.1 angiotensin-converting enzyme 2 isoform X2 [Orcinus orca]	557	NCBI RefSeq protein via E-utilities	2026-05-01T23:31:44.933000+00:00	ACE2[Gene Name] AND Mammalia[Organism] AND srcdb_refseq[PROP] NOT partial[Title]
XP_033283819.1	1831635112	XP_033283819.1 angiotensin-converting enzyme 2 isoform X1 [Orcinus orca]	804	NCBI RefSeq protein via E-utilities	2026-05-01T23:31:44.933000+00:00	ACE2[Gene Name] AND Mammalia[Organism] AND srcdb_refseq[PROP] NOT partial[Title]
XP_019273510.1	1111195084	XP_019273510.1 angiotensin-converting enzyme 2 isoform X2 [Panthera pardus]	683	NCBI RefSeq protein via E-utilities	2026-05-01T23:31:44.933000+00:00	ACE2[Gene Name] AND Mammalia[Organism] AND srcdb_refseq[PROP] NOT partial[Title]
XP_019273509.1	1111195082	XP_019273509.1 angiotensin-converting enzyme 2 isoform X1 [Panthera pardus]	805	NCBI RefSeq protein via E-utilities	2026-05-01T23:31:44.933000+00:00	ACE2[Gene Name] AND Mammalia[Organism] AND srcdb_refseq[PROP] NOT partial[Title]
XP_004269705.1	466008441	XP_004269705.1 angiotensin-converting enzyme 2 isoform X1 [Orcinus orca]	804	NCBI RefSeq protein via E-utilities	2026-05-01T23:31:44.933000+00:00	ACE2[Gene Name] AND Mammalia[Organism] AND srcdb_refseq[PROP] NOT partial[Title]
XP_049499446.1	2277632250	XP_049499446.1 angiotensin-converting enzyme 2 [Panthera uncia]	805	NCBI RefSeq protein via E-utilities	2026-05-01T23:31:44.933000+00:00	ACE2[Gene Name] AND Mammalia[Organism] AND srcdb_refseq[PROP] NOT partial[Title]
XP_049499445.1	2277632248	XP_049499445.1 angiotensin-converting enzyme 2 [Panthera uncia]	805	NCBI RefSeq protein via E-utilities	2026-05-01T23:31:44.933000+00:00	ACE2[Gene Name] AND Mammalia[Organism] AND srcdb_refseq[PROP] NOT partial[Title]
XP_049499444.1	2277632246	XP_049499444.1 angiotensin-converting enzyme 2 [Panthera uncia]	805	NCBI RefSeq protein via E-utilities	2026-05-01T23:31:44.933000+00:00	ACE2[Gene Name] AND Mammalia[Organism] AND srcdb_refseq[PROP] NOT partial[Title]
XP_032963186.1	1823900610	XP_032963186.1 angiotensin-converting enzyme 2 [Rhinolophus ferrumequinum]	805	NCBI RefSeq protein via E-utilities	2026-05-01T23:31:44.933000+00:00	ACE2[Gene Name] AND Mammalia[Organism] AND srcdb_refseq[PROP] NOT partial[Title]
XP_051035166.1	2318667731	XP_051035166.1 angiotensin-converting enzyme 2 [Phodopus roborovskii]	805	NCBI RefSeq protein via E-utilities	2026-05-01T23:31:44.933000+00:00	ACE2[Gene Name] AND Mammalia[Organism] AND srcdb_refseq[PROP] NOT partial[Title]
XP_049729322.1	2282233026	XP_049729322.1 angiotensin-converting enzyme 2 isoform X2 [Elephas maximus indicus]	689	NCBI RefSeq protein via E-utilities	2026-05-01T23:31:44.933000+00:00	ACE2[Gene Name] AND Mammalia[Organism] AND srcdb_refseq[PROP] NOT partial[Title]
XP_049729321.1	2282233024	XP_049729321.1 angiotensin-converting enzyme 2 isoform X1 [Elephas maximus indicus]	800	NCBI RefSeq protein via E-utilities	2026-05-01T23:31:44.933000+00:00	ACE2[Gene Name] AND Mammalia[Organism] AND srcdb_refseq[PROP] NOT partial[Title]
XP_049622745.1	2280040339	XP_049622745.1 angiotensin-converting enzyme 2 isoform X2 [Suncus etruscus]	796	NCBI RefSeq protein via E-utilities	2026-05-01T23:31:44.933000+00:00	ACE2[Gene Name] AND Mammalia[Organism] AND srcdb_refseq[PROP] NOT partial[Title]
XP_049622744.1	2280040337	XP_049622744.1 angiotensin-converting enzyme 2 isoform X1 [Suncus etruscus]	803	NCBI RefSeq protein via E-utilities	2026-05-01T23:31:44.933000+00:00	ACE2[Gene Name] AND Mammalia[Organism] AND srcdb_refseq[PROP] NOT partial[Title]
XP_052519536.1	2411821207	XP_052519536.1 angiotensin-converting enzyme 2 [Budorcas taxicolor]	810	NCBI RefSeq protein via E-utilities	2026-05-01T23:31:44.933000+00:00	ACE2[Gene Name] AND Mammalia[Organism] AND srcdb_refseq[PROP] NOT partial[Title]
XP_052027647.1	2330885174	XP_052027647.1 angiotensin-converting enzyme 2 [Apodemus sylvaticus]	805	NCBI RefSeq protein via E-utilities	2026-05-01T23:31:44.933000+00:00	ACE2[Gene Name] AND Mammalia[Organism] AND srcdb_refseq[PROP] NOT partial[Title]
XP_051840427.1	2328054075	XP_051840427.1 angiotensin-converting enzyme 2 [Antechinus flavipes]	806	NCBI RefSeq protein via E-utilities	2026-05-01T23:31:44.933000+00:00	ACE2[Gene Name] AND Mammalia[Organism] AND srcdb_refseq[PROP] NOT partial[Title]
XP_051840426.1	2328054073	XP_051840426.1 angiotensin-converting enzyme 2 [Antechinus flavipes]	806	NCBI RefSeq protein via E-utilities	2026-05-01T23:31:44.933000+00:00	ACE2[Gene Name] AND Mammalia[Organism] AND srcdb_refseq[PROP] NOT partial[Title]
XP_050998310.1	2318372153	XP_050998310.1 angiotensin-converting enzyme 2 [Acomys russatus]	805	NCBI RefSeq protein via E-utilities	2026-05-01T23:31:44.933000+00:00	ACE2[Gene Name] AND Mammalia[Organism] AND srcdb_refseq[PROP] NOT partial[Title]
XP_050633586.1	2309511227	XP_050633586.1 angiotensin-converting enzyme 2 [Macaca thibetana thibetana]	805	NCBI RefSeq protein via E-utilities	2026-05-01T23:31:44.933000+00:00	ACE2[Gene Name] AND Mammalia[Organism] AND srcdb_refseq[PROP] NOT partial[Title]
XP_050633585.1	2309511225	XP_050633585.1 angiotensin-converting enzyme 2 [Macaca thibetana thibetana]	805	NCBI RefSeq protein via E-utilities	2026-05-01T23:31:44.933000+00:00	ACE2[Gene Name] AND Mammalia[Organism] AND srcdb_refseq[PROP] NOT partial[Title]
XP_050633584.1	2309511223	XP_050633584.1 angiotensin-converting enzyme 2 [Macaca thibetana thibetana]	805	NCBI RefSeq protein via E-utilities	2026-05-01T23:31:44.933000+00:00	ACE2[Gene Name] AND Mammalia[Organism] AND srcdb_refseq[PROP] NOT partial[Title]
XP_052600713.1	2414762699	XP_052600713.1 angiotensin-converting enzyme 2 [Peromyscus californicus insignis]	805	NCBI RefSeq protein via E-utilities	2026-05-01T23:31:44.933000+00:00	ACE2[Gene Name] AND Mammalia[Organism] AND srcdb_refseq[PROP] NOT partial[Title]
XP_025292925.3	2272759713	XP_025292925.3 angiotensin-converting enzyme 2 [Canis lupus dingo]	804	NCBI RefSeq protein via E-utilities	2026-05-01T23:31:44.933000+00:00	ACE2[Gene Name] AND Mammalia[Organism] AND srcdb_refseq[PROP] NOT partial[Title]
XP_025292934.3	2272759709	XP_025292934.3 angiotensin-converting enzyme 2 [Canis lupus dingo]	804	NCBI RefSeq protein via E-utilities	2026-05-01T23:31:44.933000+00:00	ACE2[Gene Name] AND Mammalia[Organism] AND srcdb_refseq[PROP] NOT partial[Title]
XP_048652301.1	2262896334	XP_048652301.1 angiotensin-converting enzyme 2 [Marmota marmota marmota]	817	NCBI RefSeq protein via E-utilities	2026-05-01T23:31:44.933000+00:00	ACE2[Gene Name] AND Mammalia[Organism] AND srcdb_refseq[PROP] NOT partial[Title]
XP_015343540.1	984104456	XP_015343540.1 angiotensin-converting enzyme 2 [Marmota marmota marmota]	817	NCBI RefSeq protein via E-utilities	2026-05-01T23:31:44.933000+00:00	ACE2[Gene Name] AND Mammalia[Organism] AND srcdb_refseq[PROP] NOT partial[Title]
XP_048296586.1	2246062367	XP_048296586.1 angiotensin-converting enzyme 2 [Myodes glareolus]	812	NCBI RefSeq protein via E-utilities	2026-05-01T23:31:44.933000+00:00	ACE2[Gene Name] AND Mammalia[Organism] AND srcdb_refseq[PROP] NOT partial[Title]
XP_048192746.1	2240605409	XP_048192746.1 angiotensin-converting enzyme 2 [Perognathus longimembris pacificus]	805	NCBI RefSeq protein via E-utilities	2026-05-01T23:31:44.933000+00:00	ACE2[Gene Name] AND Mammalia[Organism] AND srcdb_refseq[PROP] NOT partial[Title]
XP_045850936.1	2181395945	XP_045850936.1 angiotensin-converting enzyme 2 isoform X3 [Meles meles]	683	NCBI RefSeq protein via E-utilities	2026-05-01T23:31:44.933000+00:00	ACE2[Gene Name] AND Mammalia[Organism] AND srcdb_refseq[PROP] NOT partial[Title]
XP_045850935.1	2181395943	XP_045850935.1 angiotensin-converting enzyme 2 isoform X2 [Meles meles]	805	NCBI RefSeq protein via E-utilities	2026-05-01T23:31:44.933000+00:00	ACE2[Gene Name] AND Mammalia[Organism] AND srcdb_refseq[PROP] NOT partial[Title]
XP_045850934.1	2181395941	XP_045850934.1 angiotensin-converting enzyme 2 isoform X1 [Meles meles]	852	NCBI RefSeq protein via E-utilities	2026-05-01T23:31:44.933000+00:00	ACE2[Gene Name] AND Mammalia[Organism] AND srcdb_refseq[PROP] NOT partial[Title]
XP_045661027.1	2176682985	XP_045661027.1 angiotensin-converting enzyme 2 isoform X2 [Ursus americanus]	683	NCBI RefSeq protein via E-utilities	2026-05-01T23:31:44.933000+00:00	ACE2[Gene Name] AND Mammalia[Organism] AND srcdb_refseq[PROP] NOT partial[Title]
XP_045661026.1	2176682983	XP_045661026.1 angiotensin-converting enzyme 2 isoform X1 [Ursus americanus]	805	NCBI RefSeq protein via E-utilities	2026-05-01T23:31:44.933000+00:00	ACE2[Gene Name] AND Mammalia[Organism] AND srcdb_refseq[PROP] NOT partial[Title]
XP_045661025.1	2176682981	XP_045661025.1 angiotensin-converting enzyme 2 isoform X1 [Ursus americanus]	805	NCBI RefSeq protein via E-utilities	2026-05-01T23:31:44.933000+00:00	ACE2[Gene Name] AND Mammalia[Organism] AND srcdb_refseq[PROP] NOT partial[Title]
XP_045711877.1	2177264861	XP_045711877.1 angiotensin-converting enzyme 2 [Phyllostomus hastatus]	805	NCBI RefSeq protein via E-utilities	2026-05-01T23:31:44.933000+00:00	ACE2[Gene Name] AND Mammalia[Organism] AND srcdb_refseq[PROP] NOT partial[Title]
XP_036295422.1	1912666917	XP_036295422.1 angiotensin-converting enzyme 2 [Pipistrellus kuhlii]	803	NCBI RefSeq protein via E-utilities	2026-05-01T23:31:44.933000+00:00	ACE2[Gene Name] AND Mammalia[Organism] AND srcdb_refseq[PROP] NOT partial[Title]
XP_045394292.1	2168924947	XP_045394292.1 angiotensin-converting enzyme 2 [Lemur catta]	981	NCBI RefSeq protein via E-utilities	2026-05-01T23:31:44.933000+00:00	ACE2[Gene Name] AND Mammalia[Organism] AND srcdb_refseq[PROP] NOT partial[Title]
XP_045327194.1	2166944634	XP_045327194.1 angiotensin-converting enzyme 2 isoform X2 [Leopardus geoffroyi]	683	NCBI RefSeq protein via E-utilities	2026-05-01T23:31:44.933000+00:00	ACE2[Gene Name] AND Mammalia[Organism] AND srcdb_refseq[PROP] NOT partial[Title]
XP_045327193.1	2166944632	XP_045327193.1 angiotensin-converting enzyme 2 isoform X1 [Leopardus geoffroyi]	805	NCBI RefSeq protein via E-utilities	2026-05-01T23:31:44.933000+00:00	ACE2[Gene Name] AND Mammalia[Organism] AND srcdb_refseq[PROP] NOT partial[Title]
XP_045327192.1	2166944630	XP_045327192.1 angiotensin-converting enzyme 2 isoform X1 [Leopardus geoffroyi]	805	NCBI RefSeq protein via E-utilities	2026-05-01T23:31:44.933000+00:00	ACE2[Gene Name] AND Mammalia[Organism] AND srcdb_refseq[PROP] NOT partial[Title]
XP_004710002.2	2160816751	XP_004710002.2 angiotensin-converting enzyme 2 [Echinops telfairi]	824	NCBI RefSeq protein via E-utilities	2026-05-01T23:31:44.933000+00:00	ACE2[Gene Name] AND Mammalia[Organism] AND srcdb_refseq[PROP] NOT partial[Title]
XP_044792565.1	2128311732	XP_044792565.1 angiotensin-converting enzyme 2 isoform X2 [Bubalus bubalis]	743	NCBI RefSeq protein via E-utilities	2026-05-01T23:31:44.933000+00:00	ACE2[Gene Name] AND Mammalia[Organism] AND srcdb_refseq[PROP] NOT partial[Title]
XP_006041602.1	594033761	XP_006041602.1 angiotensin-converting enzyme 2 isoform X1 [Bubalus bubalis]	803	NCBI RefSeq protein via E-utilities	2026-05-01T23:31:44.933000+00:00	ACE2[Gene Name] AND Mammalia[Organism] AND srcdb_refseq[PROP] NOT partial[Title]
XP_044996208.1	2147872873	XP_044996208.1 angiotensin-converting enzyme 2 isoform X2 [Jaculus jaculus]	692	NCBI RefSeq protein via E-utilities	2026-05-01T23:31:44.933000+00:00	ACE2[Gene Name] AND Mammalia[Organism] AND srcdb_refseq[PROP] NOT partial[Title]
XP_004671523.1	507575963	XP_004671523.1 angiotensin-converting enzyme 2 isoform X1 [Jaculus jaculus]	805	NCBI RefSeq protein via E-utilities	2026-05-01T23:31:44.933000+00:00	ACE2[Gene Name] AND Mammalia[Organism] AND srcdb_refseq[PROP] NOT partial[Title]
XP_044906242.1	2131076653	XP_044906242.1 angiotensin-converting enzyme 2 isoform X2 [Felis catus]	683	NCBI RefSeq protein via E-utilities	2026-05-01T23:31:44.933000+00:00	ACE2[Gene Name] AND Mammalia[Organism] AND srcdb_refseq[PROP] NOT partial[Title]
XP_044906241.1	2131076651	XP_044906241.1 angiotensin-converting enzyme 2 isoform X2 [Felis catus]	683	NCBI RefSeq protein via E-utilities	2026-05-01T23:31:44.933000+00:00	ACE2[Gene Name] AND Mammalia[Organism] AND srcdb_refseq[PROP] NOT partial[Title]
XP_044906240.1	2131076649	XP_044906240.1 angiotensin-converting enzyme 2 isoform X1 [Felis catus]	805	NCBI RefSeq protein via E-utilities	2026-05-01T23:31:44.933000+00:00	ACE2[Gene Name] AND Mammalia[Organism] AND srcdb_refseq[PROP] NOT partial[Title]
XP_044906239.1	2131076647	XP_044906239.1 angiotensin-converting enzyme 2 isoform X1 [Felis catus]	805	NCBI RefSeq protein via E-utilities	2026-05-01T23:31:44.933000+00:00	ACE2[Gene Name] AND Mammalia[Organism] AND srcdb_refseq[PROP] NOT partial[Title]
XP_044945135.1	2130909268	XP_044945135.1 angiotensin-converting enzyme 2 isoform X2 [Mustela putorius furo]	683	NCBI RefSeq protein via E-utilities	2026-05-01T23:31:44.933000+00:00	ACE2[Gene Name] AND Mammalia[Organism] AND srcdb_refseq[PROP] NOT partial[Title]
XP_004758942.1	511877964	XP_004758942.1 angiotensin-converting enzyme 2 isoform X1 [Mustela putorius furo]	805	NCBI RefSeq protein via E-utilities	2026-05-01T23:31:44.933000+00:00	ACE2[Gene Name] AND Mammalia[Organism] AND srcdb_refseq[PROP] NOT partial[Title]
XP_021536486.1	1212160455	XP_021536486.1 angiotensin-converting enzyme 2 isoform X2 [Neomonachus schauinslandi]	764	NCBI RefSeq protein via E-utilities	2026-05-01T23:31:44.933000+00:00	ACE2[Gene Name] AND Mammalia[Organism] AND srcdb_refseq[PROP] NOT partial[Title]
XP_021536480.1	1212160453	XP_021536480.1 angiotensin-converting enzyme 2 isoform X1 [Neomonachus schauinslandi]	805	NCBI RefSeq protein via E-utilities	2026-05-01T23:31:44.933000+00:00	ACE2[Gene Name] AND Mammalia[Organism] AND srcdb_refseq[PROP] NOT partial[Title]
XP_044525200.1	2119497937	XP_044525200.1 angiotensin-converting enzyme 2 [Gracilinanus agilis]	569	NCBI RefSeq protein via E-utilities	2026-05-01T23:31:44.933000+00:00	ACE2[Gene Name] AND Mammalia[Organism] AND srcdb_refseq[PROP] NOT partial[Title]
XP_044091953.1	2112828297	XP_044091953.1 angiotensin-converting enzyme 2 [Neogale vison]	805	NCBI RefSeq protein via E-utilities	2026-05-01T23:31:44.933000+00:00	ACE2[Gene Name] AND Mammalia[Organism] AND srcdb_refseq[PROP] NOT partial[Title]
XP_044091952.1	2112828295	XP_044091952.1 angiotensin-converting enzyme 2 [Neogale vison]	805	NCBI RefSeq protein via E-utilities	2026-05-01T23:31:44.933000+00:00	ACE2[Gene Name] AND Mammalia[Organism] AND srcdb_refseq[PROP] NOT partial[Title]
XP_043850607.1	2102703229	XP_043850607.1 angiotensin-converting enzyme 2 [Dromiciops gliroides]	807	NCBI RefSeq protein via E-utilities	2026-05-01T23:31:44.933000+00:00	ACE2[Gene Name] AND Mammalia[Organism] AND srcdb_refseq[PROP] NOT partial[Title]
XP_043752042.1	2102123570	XP_043752042.1 angiotensin-converting enzyme 2 [Cervus elaphus]	804	NCBI RefSeq protein via E-utilities	2026-05-01T23:31:44.933000+00:00	ACE2[Gene Name] AND Mammalia[Organism] AND srcdb_refseq[PROP] NOT partial[Title]
XP_043425611.1	2092103399	XP_043425611.1 angiotensin-converting enzyme 2 isoform X3 [Prionailurus bengalensis]	683	NCBI RefSeq protein via E-utilities	2026-05-01T23:31:44.933000+00:00	ACE2[Gene Name] AND Mammalia[Organism] AND srcdb_refseq[PROP] NOT partial[Title]
XP_043425610.1	2092103397	XP_043425610.1 angiotensin-converting enzyme 2 isoform X3 [Prionailurus bengalensis]	683	NCBI RefSeq protein via E-utilities	2026-05-01T23:31:44.933000+00:00	ACE2[Gene Name] AND Mammalia[Organism] AND srcdb_refseq[PROP] NOT partial[Title]
XP_043425609.1	2092103395	XP_043425609.1 angiotensin-converting enzyme 2 isoform X2 [Prionailurus bengalensis]	744	NCBI RefSeq protein via E-utilities	2026-05-01T23:31:44.933000+00:00	ACE2[Gene Name] AND Mammalia[Organism] AND srcdb_refseq[PROP] NOT partial[Title]
XP_043425608.1	2092103393	XP_043425608.1 angiotensin-converting enzyme 2 isoform X1 [Prionailurus bengalensis]	805	NCBI RefSeq protein via E-utilities	2026-05-01T23:31:44.933000+00:00	ACE2[Gene Name] AND Mammalia[Organism] AND srcdb_refseq[PROP] NOT partial[Title]
XP_043314478.1	2090189822	XP_043314478.1 angiotensin-converting enzyme 2 [Cervus canadensis]	804	NCBI RefSeq protein via E-utilities	2026-05-01T23:31:44.933000+00:00	ACE2[Gene Name] AND Mammalia[Organism] AND srcdb_refseq[PROP] NOT partial[Title]
XP_042830022.1	2080475219	XP_042830022.1 angiotensin-converting enzyme 2 isoform X2 [Panthera tigris]	476	NCBI RefSeq protein via E-utilities	2026-05-01T23:31:44.933000+00:00	ACE2[Gene Name] AND Mammalia[Organism] AND srcdb_refseq[PROP] NOT partial[Title]
XP_042830021.1	2080475216	XP_042830021.1 angiotensin-converting enzyme 2 isoform X1 [Panthera tigris]	805	NCBI RefSeq protein via E-utilities	2026-05-01T23:31:44.933000+00:00	ACE2[Gene Name] AND Mammalia[Organism] AND srcdb_refseq[PROP] NOT partial[Title]
XP_007090142.2	2080475212	XP_007090142.2 angiotensin-converting enzyme 2 isoform X1 [Panthera tigris]	805	NCBI RefSeq protein via E-utilities	2026-05-01T23:31:44.933000+00:00	ACE2[Gene Name] AND Mammalia[Organism] AND srcdb_refseq[PROP] NOT partial[Title]
XP_007951028.1	634881714	XP_007951028.1 angiotensin-converting enzyme 2 [Orycteropus afer afer]	799	NCBI RefSeq protein via E-utilities	2026-05-01T23:31:44.933000+00:00	ACE2[Gene Name] AND Mammalia[Organism] AND srcdb_refseq[PROP] NOT partial[Title]
XP_042536456.1	2072346258	XP_042536456.1 angiotensin-converting enzyme 2 [Dipodomys spectabilis]	805	NCBI RefSeq protein via E-utilities	2026-05-01T23:31:44.933000+00:00	ACE2[Gene Name] AND Mammalia[Organism] AND srcdb_refseq[PROP] NOT partial[Title]
XP_042536455.1	2072346256	XP_042536455.1 angiotensin-converting enzyme 2 [Dipodomys spectabilis]	805	NCBI RefSeq protein via E-utilities	2026-05-01T23:31:44.933000+00:00	ACE2[Gene Name] AND Mammalia[Organism] AND srcdb_refseq[PROP] NOT partial[Title]
XP_038172230.1	1949709802	XP_038172230.1 angiotensin-converting enzyme 2 isoform X2 [Arvicola amphibius]	556	NCBI RefSeq protein via E-utilities	2026-05-01T23:31:44.933000+00:00	ACE2[Gene Name] AND Mammalia[Organism] AND srcdb_refseq[PROP] NOT partial[Title]
XP_038172229.1	1949709800	XP_038172229.1 angiotensin-converting enzyme 2 isoform X1 [Arvicola amphibius]	804	NCBI RefSeq protein via E-utilities	2026-05-01T23:31:44.933000+00:00	ACE2[Gene Name] AND Mammalia[Organism] AND srcdb_refseq[PROP] NOT partial[Title]
XP_041597790.1	2044214690	XP_041597790.1 angiotensin-converting enzyme 2 isoform X2 [Vulpes lagopus]	683	NCBI RefSeq protein via E-utilities	2026-05-01T23:31:44.933000+00:00	ACE2[Gene Name] AND Mammalia[Organism] AND srcdb_refseq[PROP] NOT partial[Title]
XP_041597789.1	2044214688	XP_041597789.1 angiotensin-converting enzyme 2 isoform X1 [Vulpes lagopus]	804	NCBI RefSeq protein via E-utilities	2026-05-01T23:31:44.933000+00:00	ACE2[Gene Name] AND Mammalia[Organism] AND srcdb_refseq[PROP] NOT partial[Title]
XP_041597788.1	2044214686	XP_041597788.1 angiotensin-converting enzyme 2 isoform X1 [Vulpes lagopus]	804	NCBI RefSeq protein via E-utilities	2026-05-01T23:31:44.933000+00:00	ACE2[Gene Name] AND Mammalia[Organism] AND srcdb_refseq[PROP] NOT partial[Title]
XP_041495910.1	2038308665	XP_041495910.1 angiotensin-converting enzyme 2 [Microtus oregoni]	804	NCBI RefSeq protein via E-utilities	2026-05-01T23:31:44.933000+00:00	ACE2[Gene Name] AND Mammalia[Organism] AND srcdb_refseq[PROP] NOT partial[Title]
XP_040857138.1	2027080197	XP_040857138.1 angiotensin-converting enzyme 2 [Ochotona curzoniae]	805	NCBI RefSeq protein via E-utilities	2026-05-01T23:31:44.933000+00:00	ACE2[Gene Name] AND Mammalia[Organism] AND srcdb_refseq[PROP] NOT partial[Title]
XP_005074266.1	524948478	XP_005074266.1 angiotensin-converting enzyme 2 [Mesocricetus auratus]	805	NCBI RefSeq protein via E-utilities	2026-05-01T23:31:44.933000+00:00	ACE2[Gene Name] AND Mammalia[Organism] AND srcdb_refseq[PROP] NOT partial[Title]
XP_040490056.1	2023503928	XP_040490056.1 angiotensin-converting enzyme 2 isoform X2 [Ursus maritimus]	694	NCBI RefSeq protein via E-utilities	2026-05-01T23:31:44.933000+00:00	ACE2[Gene Name] AND Mammalia[Organism] AND srcdb_refseq[PROP] NOT partial[Title]
XP_040490052.1	2023503926	XP_040490052.1 angiotensin-converting enzyme 2 isoform X1 [Ursus maritimus]	805	NCBI RefSeq protein via E-utilities	2026-05-01T23:31:44.933000+00:00	ACE2[Gene Name] AND Mammalia[Organism] AND srcdb_refseq[PROP] NOT partial[Title]
XP_008694637.2	2023503924	XP_008694637.2 angiotensin-converting enzyme 2 isoform X1 [Ursus maritimus]	805	NCBI RefSeq protein via E-utilities	2026-05-01T23:31:44.933000+00:00	ACE2[Gene Name] AND Mammalia[Organism] AND srcdb_refseq[PROP] NOT partial[Title]
XP_040122515.1	2009559313	XP_040122515.1 angiotensin-converting enzyme 2 [Oryx dammah]	804	NCBI RefSeq protein via E-utilities	2026-05-01T23:31:44.933000+00:00	ACE2[Gene Name] AND Mammalia[Organism] AND srcdb_refseq[PROP] NOT partial[Title]
XP_001515597.2	1626042915	XP_001515597.2 angiotensin-converting enzyme 2 [Ornithorhynchus anatinus]	806	NCBI RefSeq protein via E-utilities	2026-05-01T23:31:44.933000+00:00	ACE2[Gene Name] AND Mammalia[Organism] AND srcdb_refseq[PROP] NOT partial[Title]
XP_039089864.1	1965465311	XP_039089864.1 angiotensin-converting enzyme 2 isoform X2 [Hyaena hyaena]	791	NCBI RefSeq protein via E-utilities	2026-05-01T23:31:44.933000+00:00	ACE2[Gene Name] AND Mammalia[Organism] AND srcdb_refseq[PROP] NOT partial[Title]
XP_039089863.1	1965465308	XP_039089863.1 angiotensin-converting enzyme 2 isoform X1 [Hyaena hyaena]	805	NCBI RefSeq protein via E-utilities	2026-05-01T23:31:44.933000+00:00	ACE2[Gene Name] AND Mammalia[Organism] AND srcdb_refseq[PROP] NOT partial[Title]
XP_039089862.1	1965465305	XP_039089862.1 angiotensin-converting enzyme 2 isoform X1 [Hyaena hyaena]	805	NCBI RefSeq protein via E-utilities	2026-05-01T23:31:44.933000+00:00	ACE2[Gene Name] AND Mammalia[Organism] AND srcdb_refseq[PROP] NOT partial[Title]
XP_038612998.1	1952387279	XP_038612998.1 angiotensin-converting enzyme 2 [Tachyglossus aculeatus]	804	NCBI RefSeq protein via E-utilities	2026-05-01T23:31:44.933000+00:00	ACE2[Gene Name] AND Mammalia[Organism] AND srcdb_refseq[PROP] NOT partial[Title]
XP_017367866.1	1044432984	XP_017367866.1 angiotensin-converting enzyme 2 [Cebus imitator]	805	NCBI RefSeq protein via E-utilities	2026-05-01T23:31:44.933000+00:00	ACE2[Gene Name] AND Mammalia[Organism] AND srcdb_refseq[PROP] NOT partial[Title]
XP_017367865.1	1044432982	XP_017367865.1 angiotensin-converting enzyme 2 [Cebus imitator]	805	NCBI RefSeq protein via E-utilities	2026-05-01T23:31:44.933000+00:00	ACE2[Gene Name] AND Mammalia[Organism] AND srcdb_refseq[PROP] NOT partial[Title]
XP_037678581.1	1934785406	XP_037678581.1 angiotensin-converting enzyme 2 isoform X3 [Choloepus didactylus]	482	NCBI RefSeq protein via E-utilities	2026-05-01T23:31:44.933000+00:00	ACE2[Gene Name] AND Mammalia[Organism] AND srcdb_refseq[PROP] NOT partial[Title]
XP_037678580.1	1934785404	XP_037678580.1 angiotensin-converting enzyme 2 isoform X2 [Choloepus didactylus]	535	NCBI RefSeq protein via E-utilities	2026-05-01T23:31:44.933000+00:00	ACE2[Gene Name] AND Mammalia[Organism] AND srcdb_refseq[PROP] NOT partial[Title]
XP_037678579.1	1934785402	XP_037678579.1 angiotensin-converting enzyme 2 isoform X1 [Choloepus didactylus]	803	NCBI RefSeq protein via E-utilities	2026-05-01T23:31:44.933000+00:00	ACE2[Gene Name] AND Mammalia[Organism] AND srcdb_refseq[PROP] NOT partial[Title]
XP_028743609.1	1622402837	XP_028743609.1 angiotensin-converting enzyme 2 [Peromyscus leucopus]	805	NCBI RefSeq protein via E-utilities	2026-05-01T23:31:44.933000+00:00	ACE2[Gene Name] AND Mammalia[Organism] AND srcdb_refseq[PROP] NOT partial[Title]
XP_036696353.1	1920277135	XP_036696353.1 angiotensin-converting enzyme 2 [Balaenoptera musculus]	804	NCBI RefSeq protein via E-utilities	2026-05-01T23:31:44.933000+00:00	ACE2[Gene Name] AND Mammalia[Organism] AND srcdb_refseq[PROP] NOT partial[Title]
XP_036696352.1	1920277133	XP_036696352.1 angiotensin-converting enzyme 2 [Balaenoptera musculus]	804	NCBI RefSeq protein via E-utilities	2026-05-01T23:31:44.933000+00:00	ACE2[Gene Name] AND Mammalia[Organism] AND srcdb_refseq[PROP] NOT partial[Title]
XP_036600738.1	1919008400	XP_036600738.1 angiotensin-converting enzyme 2 [Trichosurus vulpecula]	807	NCBI RefSeq protein via E-utilities	2026-05-01T23:31:44.933000+00:00	ACE2[Gene Name] AND Mammalia[Organism] AND srcdb_refseq[PROP] NOT partial[Title]
XP_036161735.1	1911212515	XP_036161735.1 angiotensin-converting enzyme 2 isoform X2 [Myotis myotis]	799	NCBI RefSeq protein via E-utilities	2026-05-01T23:31:44.933000+00:00	ACE2[Gene Name] AND Mammalia[Organism] AND srcdb_refseq[PROP] NOT partial[Title]
XP_036161734.1	1911212513	XP_036161734.1 angiotensin-converting enzyme 2 isoform X1 [Myotis myotis]	819	NCBI RefSeq protein via E-utilities	2026-05-01T23:31:44.933000+00:00	ACE2[Gene Name] AND Mammalia[Organism] AND srcdb_refseq[PROP] NOT partial[Title]
XP_036127494.1	1910881696	XP_036127494.1 angiotensin-converting enzyme 2 isoform X3 [Molossus molossus]	694	NCBI RefSeq protein via E-utilities	2026-05-01T23:31:44.933000+00:00	ACE2[Gene Name] AND Mammalia[Organism] AND srcdb_refseq[PROP] NOT partial[Title]
XP_036127493.1	1910881694	XP_036127493.1 angiotensin-converting enzyme 2 isoform X2 [Molossus molossus]	804	NCBI RefSeq protein via E-utilities	2026-05-01T23:31:44.933000+00:00	ACE2[Gene Name] AND Mammalia[Organism] AND srcdb_refseq[PROP] NOT partial[Title]
XP_036127492.1	1910881692	XP_036127492.1 angiotensin-converting enzyme 2 isoform X1 [Molossus molossus]	804	NCBI RefSeq protein via E-utilities	2026-05-01T23:31:44.933000+00:00	ACE2[Gene Name] AND Mammalia[Organism] AND srcdb_refseq[PROP] NOT partial[Title]
XP_015974412.2	1910512262	XP_015974412.2 angiotensin-converting enzyme 2 [Rousettus aegyptiacus]	805	NCBI RefSeq protein via E-utilities	2026-05-01T23:31:44.933000+00:00	ACE2[Gene Name] AND Mammalia[Organism] AND srcdb_refseq[PROP] NOT partial[Title]
XP_036030683.1	1908100892	XP_036030683.1 angiotensin-converting enzyme 2 [Onychomys torridus]	805	NCBI RefSeq protein via E-utilities	2026-05-01T23:31:44.933000+00:00	ACE2[Gene Name] AND Mammalia[Organism] AND srcdb_refseq[PROP] NOT partial[Title]
XP_030160839.1	1720844682	XP_030160839.1 angiotensin-converting enzyme 2 [Lynx canadensis]	805	NCBI RefSeq protein via E-utilities	2026-05-01T23:31:44.933000+00:00	ACE2[Gene Name] AND Mammalia[Organism] AND srcdb_refseq[PROP] NOT partial[Title]
XP_035872276.1	1899689016	XP_035872276.1 angiotensin-converting enzyme 2 [Phyllostomus discolor]	806	NCBI RefSeq protein via E-utilities	2026-05-01T23:31:44.933000+00:00	ACE2[Gene Name] AND Mammalia[Organism] AND srcdb_refseq[PROP] NOT partial[Title]
XP_027465354.1	1543735662	XP_027465354.1 angiotensin-converting enzyme 2 [Zalophus californianus]	806	NCBI RefSeq protein via E-utilities	2026-05-01T23:31:44.933000+00:00	ACE2[Gene Name] AND Mammalia[Organism] AND srcdb_refseq[PROP] NOT partial[Title]
XP_027465353.1	1543735660	XP_027465353.1 angiotensin-converting enzyme 2 [Zalophus californianus]	806	NCBI RefSeq protein via E-utilities	2026-05-01T23:31:44.933000+00:00	ACE2[Gene Name] AND Mammalia[Organism] AND srcdb_refseq[PROP] NOT partial[Title]
XP_027288607.1	1538012266	XP_027288607.1 angiotensin-converting enzyme 2 [Cricetulus griseus]	805	NCBI RefSeq protein via E-utilities	2026-05-01T23:31:44.933000+00:00	ACE2[Gene Name] AND Mammalia[Organism] AND srcdb_refseq[PROP] NOT partial[Title]
XP_003503283.1	354482190	XP_003503283.1 angiotensin-converting enzyme 2 [Cricetulus griseus]	805	NCBI RefSeq protein via E-utilities	2026-05-01T23:31:44.933000+00:00	ACE2[Gene Name] AND Mammalia[Organism] AND srcdb_refseq[PROP] NOT partial[Title]
XP_034852450.1	1851867094	XP_034852450.1 angiotensin-converting enzyme 2 [Mirounga leonina]	805	NCBI RefSeq protein via E-utilities	2026-05-01T23:31:44.933000+00:00	ACE2[Gene Name] AND Mammalia[Organism] AND srcdb_refseq[PROP] NOT partial[Title]
XP_034505781.1	1845750672	XP_034505781.1 angiotensin-converting enzyme 2 [Ailuropoda melanoleuca]	705	NCBI RefSeq protein via E-utilities	2026-05-01T23:31:44.933000+00:00	ACE2[Gene Name] AND Mammalia[Organism] AND srcdb_refseq[PROP] NOT partial[Title]
XP_010643477.1	731262258	XP_010643477.1 angiotensin-converting enzyme 2 [Fukomys damarensis]	805	NCBI RefSeq protein via E-utilities	2026-05-01T23:31:44.933000+00:00	ACE2[Gene Name] AND Mammalia[Organism] AND srcdb_refseq[PROP] NOT partial[Title]
XP_033056809.1	1825945346	XP_033056809.1 LOW QUALITY PROTEIN: angiotensin-converting enzyme 2 [Trachypithecus francoisi]	805	NCBI RefSeq protein via E-utilities	2026-05-01T23:31:44.933000+00:00	ACE2[Gene Name] AND Mammalia[Organism] AND srcdb_refseq[PROP] NOT partial[Title]
XP_032746145.1	1821009383	XP_032746145.1 angiotensin-converting enzyme 2 [Rattus rattus]	793	NCBI RefSeq protein via E-utilities	2026-05-01T23:31:44.933000+00:00	ACE2[Gene Name] AND Mammalia[Organism] AND srcdb_refseq[PROP] NOT partial[Title]
XP_032736029.1	1820898002	XP_032736029.1 angiotensin-converting enzyme 2 [Lontra canadensis]	805	NCBI RefSeq protein via E-utilities	2026-05-01T23:31:44.933000+00:00	ACE2[Gene Name] AND Mammalia[Organism] AND srcdb_refseq[PROP] NOT partial[Title]
XP_032736028.1	1820898000	XP_032736028.1 angiotensin-converting enzyme 2 [Lontra canadensis]	805	NCBI RefSeq protein via E-utilities	2026-05-01T23:31:44.933000+00:00	ACE2[Gene Name] AND Mammalia[Organism] AND srcdb_refseq[PROP] NOT partial[Title]
XP_032476005.1	1814725302	XP_032476005.1 angiotensin-converting enzyme 2 isoform X2 [Phocoena sinus]	654	NCBI RefSeq protein via E-utilities	2026-05-01T23:31:44.933000+00:00	ACE2[Gene Name] AND Mammalia[Organism] AND srcdb_refseq[PROP] NOT partial[Title]
XP_032476004.1	1814725300	XP_032476004.1 angiotensin-converting enzyme 2 isoform X1 [Phocoena sinus]	804	NCBI RefSeq protein via E-utilities	2026-05-01T23:31:44.933000+00:00	ACE2[Gene Name] AND Mammalia[Organism] AND srcdb_refseq[PROP] NOT partial[Title]
XP_032476002.1	1814725298	XP_032476002.1 angiotensin-converting enzyme 2 isoform X1 [Phocoena sinus]	804	NCBI RefSeq protein via E-utilities	2026-05-01T23:31:44.933000+00:00	ACE2[Gene Name] AND Mammalia[Organism] AND srcdb_refseq[PROP] NOT partial[Title]
XP_032476001.1	1814725296	XP_032476001.1 angiotensin-converting enzyme 2 isoform X1 [Phocoena sinus]	804	NCBI RefSeq protein via E-utilities	2026-05-01T23:31:44.933000+00:00	ACE2[Gene Name] AND Mammalia[Organism] AND srcdb_refseq[PROP] NOT partial[Title]
XP_006194263.1	560936905	XP_006194263.1 angiotensin-converting enzyme 2 [Camelus ferus]	805	NCBI RefSeq protein via E-utilities	2026-05-01T23:31:44.933000+00:00	ACE2[Gene Name] AND Mammalia[Organism] AND srcdb_refseq[PROP] NOT partial[Title]
XP_032245506.1	1808002837	XP_032245506.1 angiotensin-converting enzyme 2 [Phoca vitulina]	805	NCBI RefSeq protein via E-utilities	2026-05-01T23:31:44.933000+00:00	ACE2[Gene Name] AND Mammalia[Organism] AND srcdb_refseq[PROP] NOT partial[Title]
XP_032187679.1	1804883285	XP_032187679.1 angiotensin-converting enzyme 2 [Mustela erminea]	805	NCBI RefSeq protein via E-utilities	2026-05-01T23:31:44.933000+00:00	ACE2[Gene Name] AND Mammalia[Organism] AND srcdb_refseq[PROP] NOT partial[Title]
XP_032187678.1	1804883283	XP_032187678.1 angiotensin-converting enzyme 2 [Mustela erminea]	805	NCBI RefSeq protein via E-utilities	2026-05-01T23:31:44.933000+00:00	ACE2[Gene Name] AND Mammalia[Organism] AND srcdb_refseq[PROP] NOT partial[Title]
XP_032187677.1	1804883281	XP_032187677.1 angiotensin-converting enzyme 2 [Mustela erminea]	805	NCBI RefSeq protein via E-utilities	2026-05-01T23:31:44.933000+00:00	ACE2[Gene Name] AND Mammalia[Organism] AND srcdb_refseq[PROP] NOT partial[Title]
XP_032141855.1	1804372249	XP_032141855.1 angiotensin-converting enzyme 2 [Sapajus apella]	805	NCBI RefSeq protein via E-utilities	2026-05-01T23:31:44.933000+00:00	ACE2[Gene Name] AND Mammalia[Organism] AND srcdb_refseq[PROP] NOT partial[Title]
XP_032141854.1	1804372247	XP_032141854.1 angiotensin-converting enzyme 2 [Sapajus apella]	805	NCBI RefSeq protein via E-utilities	2026-05-01T23:31:44.933000+00:00	ACE2[Gene Name] AND Mammalia[Organism] AND srcdb_refseq[PROP] NOT partial[Title]
XP_031814825.1	1788900466	XP_031814825.1 LOW QUALITY PROTEIN: angiotensin-converting enzyme 2 [Sarcophilus harrisii]	806	NCBI RefSeq protein via E-utilities	2026-05-01T23:31:44.933000+00:00	ACE2[Gene Name] AND Mammalia[Organism] AND srcdb_refseq[PROP] NOT partial[Title]
XP_023054821.1	1297784092	XP_023054821.1 angiotensin-converting enzyme 2 [Piliocolobus tephrosceles]	805	NCBI RefSeq protein via E-utilities	2026-05-01T23:31:44.933000+00:00	ACE2[Gene Name] AND Mammalia[Organism] AND srcdb_refseq[PROP] NOT partial[Title]
XP_021788733.1	1220240519	XP_021788733.1 angiotensin-converting enzyme 2 [Papio anubis]	805	NCBI RefSeq protein via E-utilities	2026-05-01T23:31:44.933000+00:00	ACE2[Gene Name] AND Mammalia[Organism] AND srcdb_refseq[PROP] NOT partial[Title]
XP_021788732.1	1220240517	XP_021788732.1 angiotensin-converting enzyme 2 [Papio anubis]	805	NCBI RefSeq protein via E-utilities	2026-05-01T23:31:44.933000+00:00	ACE2[Gene Name] AND Mammalia[Organism] AND srcdb_refseq[PROP] NOT partial[Title]
XP_031226742.1	1768075261	XP_031226742.1 angiotensin-converting enzyme 2 [Mastomys coucha]	806	NCBI RefSeq protein via E-utilities	2026-05-01T23:31:44.933000+00:00	ACE2[Gene Name] AND Mammalia[Organism] AND srcdb_refseq[PROP] NOT partial[Title]
XP_010364367.2	1751287631	XP_010364367.2 angiotensin-converting enzyme 2 [Rhinopithecus roxellana]	805	NCBI RefSeq protein via E-utilities	2026-05-01T23:31:44.933000+00:00	ACE2[Gene Name] AND Mammalia[Organism] AND srcdb_refseq[PROP] NOT partial[Title]
XP_003261132.2	1743233337	XP_003261132.2 angiotensin-converting enzyme 2 [Nomascus leucogenys]	805	NCBI RefSeq protein via E-utilities	2026-05-01T23:31:44.933000+00:00	ACE2[Gene Name] AND Mammalia[Organism] AND srcdb_refseq[PROP] NOT partial[Title]
XP_022418360.1	1246242315	XP_022418360.1 angiotensin-converting enzyme 2 [Delphinapterus leucas]	804	NCBI RefSeq protein via E-utilities	2026-05-01T23:31:44.933000+00:00	ACE2[Gene Name] AND Mammalia[Organism] AND srcdb_refseq[PROP] NOT partial[Title]
XP_029786256.1	1702042940	XP_029786256.1 angiotensin-converting enzyme 2 [Suricata suricatta]	805	NCBI RefSeq protein via E-utilities	2026-05-01T23:31:44.933000+00:00	ACE2[Gene Name] AND Mammalia[Organism] AND srcdb_refseq[PROP] NOT partial[Title]
XP_008839098.1	674064479	XP_008839098.1 angiotensin-converting enzyme 2 [Nannospalax galili]	804	NCBI RefSeq protein via E-utilities	2026-05-01T23:31:44.933000+00:00	ACE2[Gene Name] AND Mammalia[Organism] AND srcdb_refseq[PROP] NOT partial[Title]
XP_021043935.1	1195562449	XP_021043935.1 angiotensin-converting enzyme 2 [Mus pahari]	805	NCBI RefSeq protein via E-utilities	2026-05-01T23:31:44.933000+00:00	ACE2[Gene Name] AND Mammalia[Organism] AND srcdb_refseq[PROP] NOT partial[Title]
XP_021009138.1	1195741830	XP_021009138.1 angiotensin-converting enzyme 2 [Mus caroli]	805	NCBI RefSeq protein via E-utilities	2026-05-01T23:31:44.933000+00:00	ACE2[Gene Name] AND Mammalia[Organism] AND srcdb_refseq[PROP] NOT partial[Title]
XP_029095808.1	1655713593	XP_029095808.1 angiotensin-converting enzyme 2 [Monodon monoceros]	804	NCBI RefSeq protein via E-utilities	2026-05-01T23:31:44.933000+00:00	ACE2[Gene Name] AND Mammalia[Organism] AND srcdb_refseq[PROP] NOT partial[Title]
XP_029095807.1	1655713591	XP_029095807.1 angiotensin-converting enzyme 2 [Monodon monoceros]	804	NCBI RefSeq protein via E-utilities	2026-05-01T23:31:44.933000+00:00	ACE2[Gene Name] AND Mammalia[Organism] AND srcdb_refseq[PROP] NOT partial[Title]
XP_029095806.1	1655713589	XP_029095806.1 angiotensin-converting enzyme 2 [Monodon monoceros]	804	NCBI RefSeq protein via E-utilities	2026-05-01T23:31:44.933000+00:00	ACE2[Gene Name] AND Mammalia[Organism] AND srcdb_refseq[PROP] NOT partial[Title]
XP_029095805.1	1655713587	XP_029095805.1 angiotensin-converting enzyme 2 [Monodon monoceros]	804	NCBI RefSeq protein via E-utilities	2026-05-01T23:31:44.933000+00:00	ACE2[Gene Name] AND Mammalia[Organism] AND srcdb_refseq[PROP] NOT partial[Title]
XP_029095804.1	1655713585	XP_029095804.1 angiotensin-converting enzyme 2 [Monodon monoceros]	804	NCBI RefSeq protein via E-utilities	2026-05-01T23:31:44.933000+00:00	ACE2[Gene Name] AND Mammalia[Organism] AND srcdb_refseq[PROP] NOT partial[Title]
XP_028617962.1	1621839690	XP_028617962.1 angiotensin-converting enzyme 2 [Grammomys surdaster]	805	NCBI RefSeq protein via E-utilities	2026-05-01T23:31:44.933000+00:00	ACE2[Gene Name] AND Mammalia[Organism] AND srcdb_refseq[PROP] NOT partial[Title]
XP_028617961.1	1621839688	XP_028617961.1 angiotensin-converting enzyme 2 [Grammomys surdaster]	805	NCBI RefSeq protein via E-utilities	2026-05-01T23:31:44.933000+00:00	ACE2[Gene Name] AND Mammalia[Organism] AND srcdb_refseq[PROP] NOT partial[Title]
XP_027970822.1	1570481052	XP_027970822.1 angiotensin-converting enzyme 2 [Eumetopias jubatus]	806	NCBI RefSeq protein via E-utilities	2026-05-01T23:31:44.933000+00:00	ACE2[Gene Name] AND Mammalia[Organism] AND srcdb_refseq[PROP] NOT partial[Title]
XP_027691156.1	1561912125	XP_027691156.1 angiotensin-converting enzyme 2 [Vombatus ursinus]	809	NCBI RefSeq protein via E-utilities	2026-05-01T23:31:44.933000+00:00	ACE2[Gene Name] AND Mammalia[Organism] AND srcdb_refseq[PROP] NOT partial[Title]
XP_006164754.1	562873731	XP_006164754.1 angiotensin-converting enzyme 2 [Tupaia chinensis]	805	NCBI RefSeq protein via E-utilities	2026-05-01T23:31:44.933000+00:00	ACE2[Gene Name] AND Mammalia[Organism] AND srcdb_refseq[PROP] NOT partial[Title]
XP_027389730.1	1542973341	XP_027389730.1 angiotensin-converting enzyme 2 isoform X3 [Bos indicus x Bos taurus]	750	NCBI RefSeq protein via E-utilities	2026-05-01T23:31:44.933000+00:00	ACE2[Gene Name] AND Mammalia[Organism] AND srcdb_refseq[PROP] NOT partial[Title]
XP_027389729.1	1542973339	XP_027389729.1 angiotensin-converting enzyme 2 isoform X2 [Bos indicus x Bos taurus]	804	NCBI RefSeq protein via E-utilities	2026-05-01T23:31:44.933000+00:00	ACE2[Gene Name] AND Mammalia[Organism] AND srcdb_refseq[PROP] NOT partial[Title]
XP_027389728.1	1542973337	XP_027389728.1 angiotensin-converting enzyme 2 isoform X1 [Bos indicus x Bos taurus]	811	NCBI RefSeq protein via E-utilities	2026-05-01T23:31:44.933000+00:00	ACE2[Gene Name] AND Mammalia[Organism] AND srcdb_refseq[PROP] NOT partial[Title]
XP_027389727.1	1542973335	XP_027389727.1 angiotensin-converting enzyme 2 isoform X1 [Bos indicus x Bos taurus]	811	NCBI RefSeq protein via E-utilities	2026-05-01T23:31:44.933000+00:00	ACE2[Gene Name] AND Mammalia[Organism] AND srcdb_refseq[PROP] NOT partial[Title]
XP_005358818.1	532031774	XP_005358818.1 angiotensin-converting enzyme 2 [Microtus ochrogaster]	804	NCBI RefSeq protein via E-utilities	2026-05-01T23:31:44.933000+00:00	ACE2[Gene Name] AND Mammalia[Organism] AND srcdb_refseq[PROP] NOT partial[Title]
XP_025790417.1	1435046300	XP_025790417.1 angiotensin-converting enzyme 2 [Puma concolor]	805	NCBI RefSeq protein via E-utilities	2026-05-01T23:31:44.933000+00:00	ACE2[Gene Name] AND Mammalia[Organism] AND srcdb_refseq[PROP] NOT partial[Title]
XP_025227847.1	1411182784	XP_025227847.1 angiotensin-converting enzyme 2 [Theropithecus gelada]	805	NCBI RefSeq protein via E-utilities	2026-05-01T23:31:44.933000+00:00	ACE2[Gene Name] AND Mammalia[Organism] AND srcdb_refseq[PROP] NOT partial[Title]
XP_006911709.1	586553399	XP_006911709.1 angiotensin-converting enzyme 2 [Pteropus alecto]	805	NCBI RefSeq protein via E-utilities	2026-05-01T23:31:44.933000+00:00	ACE2[Gene Name] AND Mammalia[Organism] AND srcdb_refseq[PROP] NOT partial[Title]
XP_024599894.1	1378836071	XP_024599894.1 angiotensin-converting enzyme 2 [Neophocaena asiaeorientalis asiaeorientalis]	804	NCBI RefSeq protein via E-utilities	2026-05-01T23:31:44.933000+00:00	ACE2[Gene Name] AND Mammalia[Organism] AND srcdb_refseq[PROP] NOT partial[Title]
XP_023609439.1	1335132233	XP_023609439.1 angiotensin-converting enzyme 2 isoform X2 [Myotis lucifugus]	799	NCBI RefSeq protein via E-utilities	2026-05-01T23:31:44.933000+00:00	ACE2[Gene Name] AND Mammalia[Organism] AND srcdb_refseq[PROP] NOT partial[Title]
XP_023609438.1	1335132231	XP_023609438.1 angiotensin-converting enzyme 2 isoform X1 [Myotis lucifugus]	819	NCBI RefSeq protein via E-utilities	2026-05-01T23:31:44.933000+00:00	ACE2[Gene Name] AND Mammalia[Organism] AND srcdb_refseq[PROP] NOT partial[Title]
XP_023609437.1	1335132229	XP_023609437.1 angiotensin-converting enzyme 2 isoform X1 [Myotis lucifugus]	819	NCBI RefSeq protein via E-utilities	2026-05-01T23:31:44.933000+00:00	ACE2[Gene Name] AND Mammalia[Organism] AND srcdb_refseq[PROP] NOT partial[Title]
XP_023575316.1	1334042022	XP_023575316.1 angiotensin-converting enzyme 2 [Octodon degus]	831	NCBI RefSeq protein via E-utilities	2026-05-01T23:31:44.933000+00:00	ACE2[Gene Name] AND Mammalia[Organism] AND srcdb_refseq[PROP] NOT partial[Title]
XP_023575315.1	1334042020	XP_023575315.1 angiotensin-converting enzyme 2 [Octodon degus]	831	NCBI RefSeq protein via E-utilities	2026-05-01T23:31:44.933000+00:00	ACE2[Gene Name] AND Mammalia[Organism] AND srcdb_refseq[PROP] NOT partial[Title]
XP_003791912.1	395837992	XP_003791912.1 angiotensin-converting enzyme 2 [Otolemur garnettii]	805	NCBI RefSeq protein via E-utilities	2026-05-01T23:31:44.933000+00:00	ACE2[Gene Name] AND Mammalia[Organism] AND srcdb_refseq[PROP] NOT partial[Title]
XP_008062810.1	640812316	XP_008062810.1 angiotensin-converting enzyme 2 [Carlito syrichta]	805	NCBI RefSeq protein via E-utilities	2026-05-01T23:31:44.933000+00:00	ACE2[Gene Name] AND Mammalia[Organism] AND srcdb_refseq[PROP] NOT partial[Title]
XP_004866157.1	513009471	XP_004866157.1 angiotensin-converting enzyme 2 [Heterocephalus glaber]	805	NCBI RefSeq protein via E-utilities	2026-05-01T23:31:44.933000+00:00	ACE2[Gene Name] AND Mammalia[Organism] AND srcdb_refseq[PROP] NOT partial[Title]
XP_020935036.1	1191912380	XP_020935036.1 angiotensin-converting enzyme 2 isoform X3 [Sus scrofa]	683	NCBI RefSeq protein via E-utilities	2026-05-01T23:31:44.933000+00:00	ACE2[Gene Name] AND Mammalia[Organism] AND srcdb_refseq[PROP] NOT partial[Title]
XP_020935035.1	1191912378	XP_020935035.1 angiotensin-converting enzyme 2 isoform X3 [Sus scrofa]	683	NCBI RefSeq protein via E-utilities	2026-05-01T23:31:44.933000+00:00	ACE2[Gene Name] AND Mammalia[Organism] AND srcdb_refseq[PROP] NOT partial[Title]
XP_020935034.1	1191912376	XP_020935034.1 angiotensin-converting enzyme 2 isoform X2 [Sus scrofa]	792	NCBI RefSeq protein via E-utilities	2026-05-01T23:31:44.933000+00:00	ACE2[Gene Name] AND Mammalia[Organism] AND srcdb_refseq[PROP] NOT partial[Title]
XP_020935033.1	1191912374	XP_020935033.1 angiotensin-converting enzyme 2 isoform X1 [Sus scrofa]	805	NCBI RefSeq protein via E-utilities	2026-05-01T23:31:44.933000+00:00	ACE2[Gene Name] AND Mammalia[Organism] AND srcdb_refseq[PROP] NOT partial[Title]
XP_019522954.1	1121764646	XP_019522954.1 PREDICTED: angiotensin-converting enzyme 2 [Hipposideros armiger]	806	NCBI RefSeq protein via E-utilities	2026-05-01T23:31:44.933000+00:00	ACE2[Gene Name] AND Mammalia[Organism] AND srcdb_refseq[PROP] NOT partial[Title]
XP_019522943.1	1121764644	XP_019522943.1 PREDICTED: angiotensin-converting enzyme 2 [Hipposideros armiger]	806	NCBI RefSeq protein via E-utilities	2026-05-01T23:31:44.933000+00:00	ACE2[Gene Name] AND Mammalia[Organism] AND srcdb_refseq[PROP] NOT partial[Title]
XP_019522936.1	1121764642	XP_019522936.1 PREDICTED: angiotensin-converting enzyme 2 [Hipposideros armiger]	806	NCBI RefSeq protein via E-utilities	2026-05-01T23:31:44.933000+00:00	ACE2[Gene Name] AND Mammalia[Organism] AND srcdb_refseq[PROP] NOT partial[Title]
XP_017899103.1	1062831713	XP_017899103.1 PREDICTED: angiotensin-converting enzyme 2 isoform X2 [Capra hircus]	743	NCBI RefSeq protein via E-utilities	2026-05-01T23:31:44.933000+00:00	ACE2[Gene Name] AND Mammalia[Organism] AND srcdb_refseq[PROP] NOT partial[Title]
XP_005701129.2	1062831707	XP_005701129.2 PREDICTED: angiotensin-converting enzyme 2 isoform X1 [Capra hircus]	804	NCBI RefSeq protein via E-utilities	2026-05-01T23:31:44.933000+00:00	ACE2[Gene Name] AND Mammalia[Organism] AND srcdb_refseq[PROP] NOT partial[Title]
XP_017744070.1	1059175447	XP_017744070.1 PREDICTED: angiotensin-converting enzyme 2 [Rhinopithecus bieti]	724	NCBI RefSeq protein via E-utilities	2026-05-01T23:31:44.933000+00:00	ACE2[Gene Name] AND Mammalia[Organism] AND srcdb_refseq[PROP] NOT partial[Title]
XP_017744069.1	1059175445	XP_017744069.1 PREDICTED: angiotensin-converting enzyme 2 [Rhinopithecus bieti]	724	NCBI RefSeq protein via E-utilities	2026-05-01T23:31:44.933000+00:00	ACE2[Gene Name] AND Mammalia[Organism] AND srcdb_refseq[PROP] NOT partial[Title]
XP_016058453.1	1016663010	XP_016058453.1 PREDICTED: angiotensin-converting enzyme 2 [Miniopterus natalensis]	804	NCBI RefSeq protein via E-utilities	2026-05-01T23:31:44.933000+00:00	ACE2[Gene Name] AND Mammalia[Organism] AND srcdb_refseq[PROP] NOT partial[Title]
XP_015426919.1	987968652	XP_015426919.1 PREDICTED: angiotensin-converting enzyme 2 isoform X2 [Myotis davidii]	799	NCBI RefSeq protein via E-utilities	2026-05-01T23:31:44.933000+00:00	ACE2[Gene Name] AND Mammalia[Organism] AND srcdb_refseq[PROP] NOT partial[Title]
XP_015426918.1	987968650	XP_015426918.1 PREDICTED: angiotensin-converting enzyme 2 isoform X1 [Myotis davidii]	819	NCBI RefSeq protein via E-utilities	2026-05-01T23:31:44.933000+00:00	ACE2[Gene Name] AND Mammalia[Organism] AND srcdb_refseq[PROP] NOT partial[Title]
XP_006775273.1	584061683	XP_006775273.1 PREDICTED: angiotensin-converting enzyme 2 isoform X1 [Myotis davidii]	819	NCBI RefSeq protein via E-utilities	2026-05-01T23:31:44.933000+00:00	ACE2[Gene Name] AND Mammalia[Organism] AND srcdb_refseq[PROP] NOT partial[Title]
XP_014399783.1	946776235	XP_014399783.1 PREDICTED: angiotensin-converting enzyme 2 isoform X3 [Myotis brandtii]	754	NCBI RefSeq protein via E-utilities	2026-05-01T23:31:44.933000+00:00	ACE2[Gene Name] AND Mammalia[Organism] AND srcdb_refseq[PROP] NOT partial[Title]
XP_014399782.1	946776233	XP_014399782.1 PREDICTED: angiotensin-converting enzyme 2 isoform X2 [Myotis brandtii]	799	NCBI RefSeq protein via E-utilities	2026-05-01T23:31:44.933000+00:00	ACE2[Gene Name] AND Mammalia[Organism] AND srcdb_refseq[PROP] NOT partial[Title]
XP_014399781.1	946776231	XP_014399781.1 PREDICTED: angiotensin-converting enzyme 2 isoform X1 [Myotis brandtii]	819	NCBI RefSeq protein via E-utilities	2026-05-01T23:31:44.933000+00:00	ACE2[Gene Name] AND Mammalia[Organism] AND srcdb_refseq[PROP] NOT partial[Title]
XP_014399780.1	946776229	XP_014399780.1 PREDICTED: angiotensin-converting enzyme 2 isoform X1 [Myotis brandtii]	819	NCBI RefSeq protein via E-utilities	2026-05-01T23:31:44.933000+00:00	ACE2[Gene Name] AND Mammalia[Organism] AND srcdb_refseq[PROP] NOT partial[Title]
XP_013362429.1	918647894	XP_013362429.1 PREDICTED: angiotensin-converting enzyme 2 isoform X1 [Chinchilla lanigera]	805	NCBI RefSeq protein via E-utilities	2026-05-01T23:31:44.933000+00:00	ACE2[Gene Name] AND Mammalia[Organism] AND srcdb_refseq[PROP] NOT partial[Title]
XP_013362428.1	918647892	XP_013362428.1 PREDICTED: angiotensin-converting enzyme 2 isoform X1 [Chinchilla lanigera]	805	NCBI RefSeq protein via E-utilities	2026-05-01T23:31:44.933000+00:00	ACE2[Gene Name] AND Mammalia[Organism] AND srcdb_refseq[PROP] NOT partial[Title]
XP_012887573.1	852795131	XP_012887573.1 PREDICTED: angiotensin-converting enzyme 2 isoform X2 [Dipodomys ordii]	740	NCBI RefSeq protein via E-utilities	2026-05-01T23:31:44.933000+00:00	ACE2[Gene Name] AND Mammalia[Organism] AND srcdb_refseq[PROP] NOT partial[Title]
XP_012887572.1	852795128	XP_012887572.1 PREDICTED: angiotensin-converting enzyme 2 isoform X1 [Dipodomys ordii]	805	NCBI RefSeq protein via E-utilities	2026-05-01T23:31:44.933000+00:00	ACE2[Gene Name] AND Mammalia[Organism] AND srcdb_refseq[PROP] NOT partial[Title]
XP_012585871.1	830125541	XP_012585871.1 PREDICTED: angiotensin-converting enzyme 2 [Condylura cristata]	800	NCBI RefSeq protein via E-utilities	2026-05-01T23:31:44.933000+00:00	ACE2[Gene Name] AND Mammalia[Organism] AND srcdb_refseq[PROP] NOT partial[Title]
XP_012494186.1	826277803	XP_012494186.1 PREDICTED: angiotensin-converting enzyme 2 [Propithecus coquereli]	826	NCBI RefSeq protein via E-utilities	2026-05-01T23:31:44.933000+00:00	ACE2[Gene Name] AND Mammalia[Organism] AND srcdb_refseq[PROP] NOT partial[Title]
XP_012494185.1	826277800	XP_012494185.1 PREDICTED: angiotensin-converting enzyme 2 [Propithecus coquereli]	826	NCBI RefSeq protein via E-utilities	2026-05-01T23:31:44.933000+00:00	ACE2[Gene Name] AND Mammalia[Organism] AND srcdb_refseq[PROP] NOT partial[Title]
XP_004415448.1	472392337	XP_004415448.1 PREDICTED: angiotensin-converting enzyme 2 [Odobenus rosmarus divergens]	732	NCBI RefSeq protein via E-utilities	2026-05-01T23:31:44.933000+00:00	ACE2[Gene Name] AND Mammalia[Organism] AND srcdb_refseq[PROP] NOT partial[Title]
XP_011891201.1	795472195	XP_011891201.1 PREDICTED: angiotensin-converting enzyme 2 [Cercocebus atys]	805	NCBI RefSeq protein via E-utilities	2026-05-01T23:31:44.933000+00:00	ACE2[Gene Name] AND Mammalia[Organism] AND srcdb_refseq[PROP] NOT partial[Title]
XP_011891200.1	795472189	XP_011891200.1 PREDICTED: angiotensin-converting enzyme 2 [Cercocebus atys]	805	NCBI RefSeq protein via E-utilities	2026-05-01T23:31:44.933000+00:00	ACE2[Gene Name] AND Mammalia[Organism] AND srcdb_refseq[PROP] NOT partial[Title]
XP_011891199.1	795472183	XP_011891199.1 PREDICTED: angiotensin-converting enzyme 2 [Cercocebus atys]	805	NCBI RefSeq protein via E-utilities	2026-05-01T23:31:44.933000+00:00	ACE2[Gene Name] AND Mammalia[Organism] AND srcdb_refseq[PROP] NOT partial[Title]
XP_011891198.1	795472178	XP_011891198.1 PREDICTED: angiotensin-converting enzyme 2 [Cercocebus atys]	805	NCBI RefSeq protein via E-utilities	2026-05-01T23:31:44.933000+00:00	ACE2[Gene Name] AND Mammalia[Organism] AND srcdb_refseq[PROP] NOT partial[Title]
XP_011850923.1	795225766	XP_011850923.1 PREDICTED: angiotensin-converting enzyme 2 [Mandrillus leucophaeus]	805	NCBI RefSeq protein via E-utilities	2026-05-01T23:31:44.933000+00:00	ACE2[Gene Name] AND Mammalia[Organism] AND srcdb_refseq[PROP] NOT partial[Title]
XP_007466389.1	602712313	XP_007466389.1 angiotensin-converting enzyme 2 [Lipotes vexillifer]	804	NCBI RefSeq protein via E-utilities	2026-05-01T23:31:44.933000+00:00	ACE2[Gene Name] AND Mammalia[Organism] AND srcdb_refseq[PROP] NOT partial[Title]
XP_006835673.1	586453519	XP_006835673.1 PREDICTED: angiotensin-converting enzyme 2 [Chrysochloris asiatica]	799	NCBI RefSeq protein via E-utilities	2026-05-01T23:31:44.933000+00:00	ACE2[Gene Name] AND Mammalia[Organism] AND srcdb_refseq[PROP] NOT partial[Title]
XP_006892457.1	585683109	XP_006892457.1 PREDICTED: angiotensin-converting enzyme 2 [Elephantulus edwardii]	798	NCBI RefSeq protein via E-utilities	2026-05-01T23:31:44.933000+00:00	ACE2[Gene Name] AND Mammalia[Organism] AND srcdb_refseq[PROP] NOT partial[Title]
